,location,comment,cm_star,ID,tagging
0,迷客夏 臺北士林店,"沒喝過那麼難喝的迷客夏==
才喝一口就決定要給負評，連一顆星都不想給(^_^)v 整杯都水味，做茶的店員看起來根本不會用，一直問在點餐的，加一個東西就站在那邊猶豫20秒，果然做出來真的難喝的跟水一樣（買去冰的不會有冰融化的問題，而且是在店門口插下去喝就沒味道），同行友人另一杯點微糖的還比我半糖的甜，真的是問號到不行。

70元買一杯水呵呵😑😑😑", 1 顆星 ,0,"茶, "
1,迷客夏 臺北士林店,"點餐前我還特別確認有沒有一分糖，結果飲料做出來甜到以為在喝茶魔。
到底是怎樣素質的店員，才能把這麼清楚明了又簡單的飲料做成這個樣子？貴公司的員工訓練去哪裡了？
我相信外役監的逃獄犯來搖飲料都能做的比你這家店好，認真一點好嗎", 1 顆星 ,1,"茶, "
2,迷客夏 臺北士林店,"要價95塊錢ㄉ🍇
料粉多，喝完蠻有飽足感的，但畢竟不是主打的系列，下次還是乖乖買小農鮮奶的產品吧", 5 顆星 ,3,"鮮奶, "
3,迷客夏 臺北士林店,"士林店 迷客夏
曾經還沒有很多
飲料店可以選擇的時候
我心目中有迷客夏
但近期有多種
飲料店可以選擇的時候
我心中已沒有迷客夏
再也不想消費迷客夏
再也不會想喝迷客夏
消費力大為降低很多
吸引力大為降低很多
不會留給迷客夏任何機會
從此不告而別再也不見
轉移到跳槽到其他間
我心中榜上有名的飲料店
曾經喜愛喝的
茉莉綠茶 好喝規好喝
微糖還是過甜很不及格
還不如喝 50嵐 茉莉綠茶
比較划算比較實在比較有特色
喝起來也比較不會這麼的甜
還不如喝 七盞茶 碧玉幽蘭
比較划算比較實在比較有特色
喝起來也比較不會這麼的甜
還不如喝 滿溢 茉莉原萃綠茶
比較划算比較實在比較有特色
喝起來也比較不會這麼的甜
還不如喝 再睡5分鐘 午茉綠
比較划算比較實在比較有特色
喝起來也比較不會這麼的甜
原片初露青茶 曾點過喝沒幾口
微糖還是過甜到不行難喝到不行
給了印象最深刻的回憶
香柚綠茶 好喝規好喝
還不如喝 50嵐 柚子綠茶
比較划算比較實在比較有特色
喝起來也比較不會這麼的甜
還不如喝 七盞茶 香柚翡翠
比較划算比較實在比較有特色
喝起來也比較不會這麼的甜
柳丁綠茶 好喝規好喝
還不如喝 大苑子 橙意滿滿
比較划算比較實在比較有特色
喝起來也比較不會這麼的甜
還不如喝 七盞茶 粒粒香橙
比較划算比較實在比較有特色
喝起來也比較不會這麼的甜
離開 迷客夏 會員絕對是這樣來的
會變一星也是這樣來的", 1 顆星 ,7,"茶,  綠茶, "
4,迷客夏 臺北士林店,"因應疫情，戴口罩，勤洗手，保持社交距離。
第一次造訪該店。
點了水漾檸綠，少糖（7分）正常冰35元，因為有KFC折價5元。
嗯，可能要正常甜比較剛好，少糖稍嫌不夠，檸檬清香，綠茶味不重，還可以。", 3 顆星 ,8,"茶,  綠茶,  檸檬, "
5,迷客夏 臺北士林店,"茶又澀又酸，跟其他分店差太多
平常都喝無糖，唯獨士林店半糖還是蓋不掉苦澀味 😮‍💨不過男店員服務態度超親切～ 給兩顆星就給他～
-
三杯飲料等了一個半小時都還沒做好
再扣一顆星😀", 1 顆星 ,13,"茶, "
6,迷客夏 臺北士林店,柳丁綠茶微糖還是太甜，建議微微糖，口感有柳丁皮澀味。, 3 顆星 ,17,"茶,  綠茶, "
7,迷客夏 臺北士林店,點珍珠伯爵紅茶拿鐵 沒有給我珍珠....超難過, 3 顆星 ,19,"珍珠,  茶,  紅茶, "
8,茶湯會 士林中正店,熱🔥燕麥紅茶還蠻好喝的，45元價錢中等，服務人員態度熱情，有街口行動支付～, 4 顆星 ,20,"茶,  紅茶, "
9,茶湯會 士林中正店,"期間限定的水蜜桃鮮果綠讚啦～～
本身對茶湯會真的還好 但這款可以
雖然水蜜桃味到沒有很重 但飲料是好喝的
裡面還有寒天可以咬咬（咀嚼系的", 3 顆星 ,22,"寒天,  茶,  茶湯, "
10,茶湯會 士林中正店,"士林捷運站一號出口右手邊走路10秒就到了，生意超級好的飲料店
茶湯會大家應該不陌生，他們家的茶喝起來特別順口

以下是個人推薦飲品：
蔗香紅茶$30：大杯的紅茶最適合夏天了！建議半糖去冰，味道很剛好，負擔感也不會太大
觀音拿鐵$60：名列茶堂會排行榜的第一名！不得不說真的超級好喝，喜歡飲料加鮮奶的朋友們會喜歡這一款，很滑順的口感，第一口喝到的時候很驚艷，之後就愛上了這一款飲料，也可以另外加珍珠，非常有飽足感（雖然熱量也很可觀）
珍珠冬瓜觀音$55：個人也非常喜歡這一款，如果不能喝奶類或是覺得鮮奶負擔感有點重，可以點這杯，味道層次很豐富，不知不覺就會喝完這杯飲料了", 5 顆星 ,23,"珍珠,  鮮奶,  茶,  茶湯,  紅茶, "
11,茶湯會 士林中正店,士林捷運站一號出口右側，手搖飲A級戰區，人氣很旺，排隊等飲料的人很多，珍珠口感好，現在持台灣Pay消費滿50元有折價10元，很划算~, 4 顆星 ,24,"珍珠, "
12,茶湯會 士林中正店,"今天點的是芭樂檸檬愛玉綠茶 - 半糖/微冰/去茶.
夏天喝起來蠻清爽的, 但芭樂的味道偏淡, 愛玉的份量也不多.", 3 顆星 ,27,"愛玉,  茶,  綠茶,  檸檬, "
13,茶湯會 士林中正店,"我已經第二次買一樣的飲料沒加珍珠了
上次我以為我漏講了，這次再試一次，還是一樣的
每次都是等公車時買著等，往往發現都在公車上了", 1 顆星 ,29,"珍珠, "
14,茶湯會 士林中正店,"茶湯會 會員卡 有新舊卡.
今天沒注意拿到舊卡消費.
😍店員們很親切.幫忙講解舊卡無法累點.
👍飲料好喝！", 5 顆星 ,30,"茶,  茶湯, "
15,茶湯會 士林中正店,點微糖變成無糖的，店員點餐時沒有和客人確認品項，店裡好像也沒有螢幕可客人自己看店員有沒有打錯。點鐵觀音茶香味以前在別間店點很濃這間很淡和水差不多且泡泡超多，, 2 顆星 ,32,"茶, "
16,茶湯會 士林中正店,"芝麻拿鐵75
珍珠芝麻燕麥拿鐵75
我點芝麻拿鐵+珍珠80

沒有主動詢問要不要點珍珠芝麻燕麥拿鐵比較划算！
加我只有2位客人，店員3位，不至於沒空介紹吧？

螢幕廣告顯示街口支付折5元，結果也沒折。

因為是熱飲，所以是中杯的，不過是加了芝麻粉而已，價格直接暴漲，味道真的就是珍奶加芝麻粉而已⋯。

這樣的價格和服務，不會想再去消費！
難怪客人都聚集在五十嵐。", 1 顆星 ,33,"珍珠, "
17,茶湯會 士林中正店,"今天晚間9點多去消費，覺得體驗十分良好，
櫃檯點餐女店員與做茶小妹都很親切，
飲料也很快就拿到了，另個在裡面但我不太清楚他的工作的內容的男店員也好帥喔", 5 顆星 ,39,"茶, "
18,麻古茶坊台北士林店,"點餐跟取餐的速度蠻快的
楊枝甘露的芒果跟葡萄柚都非常酸、冰沙的芒果味滿淡的、茶凍也偏苦，整體來說沒有很和諧，可能是季節不對，有點失望", 4 顆星 ,47,"茶, "
19,麻古茶坊台北士林店,今日在買了杯奶茶店員幫我用紙杯裝，我放置外送杯架上但仍然翻到整杯奶茶全部倒至外送箱裡，回店裡跟它們說確拉出一堆員工說它們出飲料前有翻倒確定並無露出質疑是我個人問題，我說如果這紙杯密封性這麼不好是不是出飲料前該提醒客人，他們員工回我說我們都有提醒小心拿了並且紙杯本來就是這樣不能倒放，這種說法讓我非常不能接受妳們出貨前沒提醒飲料密封性不好不能倒放而且還認為紙杯本來就這樣是客人自己常識不夠，我自己本身是外送員別家飲料店用紙杯就不會像這樣這麼誇張整杯爆開，店員態度更是缺乏教育。如遇這種情形應該詢問客人是不是倒放不管是不是客人問題都應該馬上補換給客人並貼心提醒客人放置飲料時請正放勿傾倒或倒放，這本來就是店家該告知的義務現在卻反而告罪是客人不是，而且店家的飲料紙杯跟密封是否應該改進如不然這種情形定然會再度發生，員工應對是否要在教育。整個外送箱全部都是奶茶裡面一堆東西都遭殃光清理就是花費一番功夫，整個一肚子火啊, 1 顆星 ,48,"茶,  奶茶, "
20,麻古茶坊台北士林店,"每年夏天最期待的就是喝麻古的芒果系列飲品，最愛的就是楊枝甘露🥰🥰
新鮮芒果冰沙+綠茶凍+微苦的葡萄柚果粒，真的是太消暑解渴了，將有名的港式點心大變身，變成手搖飲，推薦給愛喝新鮮芒果🥭飲品的大家😘😘😘", 5 顆星 ,52,"茶,  綠茶,  綠茶凍, "
21,50嵐 士林捷運店,"點了我的個人50嵐招牌
烏龍瑪奇朵+珍波椰（不用加錢）+冰淇淋（10元） 微糖去冰
共$65
還是維持水準所以給推

個人給星標準:
一星: 完全不是我的菜
二星: 食物表現不好，或是品質/CP值未達期待，不太可能再訪
三星: 味道/CP值綜合起來算普通
四星: 有些品項好吃，或CP偏高，有可能再訪
五星: 有品項非常好吃或CP爆高，或整體用餐感覺很好，極大可能再訪", 5 顆星 ,60,"冰淇淋, "
22,50嵐 士林捷運店,個人喜歡冰淇淋紅茶（無糖），在捷運站出口處，蠻多人排隊的，隔壁很多家飲料店。, 5 顆星 ,61,"冰淇淋,  茶,  紅茶, "
23,50嵐 士林捷運店,飲料做的很好喝而且很快！波霸每次吃都很入味！有些感覺都沒味道，喝過少數50嵐優質的店家, 5 顆星 ,64,"波霸, "
24,50嵐 士林捷運店,"好喝不雷，比例調的剛剛好
接近休息時間可能有些茶會沒有，可以用其他茶類代替", 4 顆星 ,69,"茶, "
25,50嵐 士林捷運店,我弟剛剛去買飲料 點了兩杯黃金烏龍拿鐵加大小混珠跟一杯四季春加珍波椰 結果飲料杯上面沒貼點的標籤 連發票都沒開 而且兩杯珍奶裡面都沒有珍珠 最誇張的還不是這個 他的黃金烏龍拿鐵 沒有茶味 連奶都淡到一個爆炸 根本就是杯奶水 黃金烏龍拿鐵要65欸  超級難喝 便利商店的水都比較好喝  顏色淡的跟水一樣 只是有混一點點牛奶 連五分的甜味都沒有  是怎樣 欺負他小孩 喝不出味道是不是 要打1950客訴 但連發票都沒開 標籤也沒貼 根本不知道是點了什麼鬼 就算是沒發票要打給國稅局 他們也是請人假裝成路人去買而已  剛剛看其他人的評論只有飲料被亂改 那店員根本欺負他是小孩 所以連發票都沒給 搞不好還偷偷把錢吞掉 兩杯奶水到底是甚麼鬼 而且沒開發票是逃漏稅欸 不會再去這家買了, 1 顆星 ,71,"珍珠,  茶, "
26,50嵐 士林捷運店,店員服務親切，飲料都有按照需求調整口味，心中最好喝的奶茶，經過一定會訂購👍👍👍, 5 顆星 ,72,"茶,  奶茶, "
27,50嵐 士林捷運店,"50嵐還是習慣喝這間分店
紅茶拿鐵非常好喝不會味道過淡！超推👍", 5 顆星 ,74,"茶,  紅茶, "
28,五桐號WooTEA士林中正店,"今天喝了五桐號手沖泰奶，味道還不錯，上面厚厚的奶霜，很綿密
玉堂春茶王強調清新的梔子花香，還好吧~就是茶米茶的味道，不難喝，喝完很清爽", 5 顆星 ,80,"茶, "
29,五桐號WooTEA士林中正店,"頭一次喝店內招牌的茶飲，香味俱全、甜味適中，喝起來非常的舒服👍
歡迎來喝喝看喔！", 5 顆星 ,81,"茶, "
30,五桐號WooTEA士林中正店,"第一次喝，這杯真的名副其實，最完美手沖泰奶當之無愧！
五桐號也能喝得到泰奶了！這杯「最完美手沖泰奶」（65元／中杯），每日限量販售，嚴選泰國正宗老字號清萊茶葉，融合香甜煉乳奶水，打造道地的泰式奶茶比例，最上層還蓋滿厚厚一層鹹甜綿密的鮮奶奶霜，香甜南洋風情讓人彷彿秒飛到泰國。
奶霜加上泰式奶茶無敵搭，讓我喝了想再喝，不管多胖都沒差！", 5 顆星 ,82,"鮮奶,  茶,  奶茶, "
31,五桐號WooTEA士林中正店,"這次依然買熱門泰奶系列，很幸運5點半還能買到，士林中正店買兩杯泰奶還送泰國泡麵。

這次嚐鮮綠茶凍泰奶，意外發現新大陸，綠茶凍清爽味道與濃郁泰奶平衡的很好，味道層次更豐富又更加清爽順口，希望泰奶成為常態商品，真的很好喝😍😍😍", 5 顆星 ,83,"茶,  綠茶,  綠茶凍, "
32,五桐號WooTEA士林中正店,"點了招牌五桐茶，據說甜度固定 甜度是2分糖而已,結果喝起來也太甜了吧！！！！！！是做錯嗎....... 不過點了5杯吧都這麼甜

茶香味本身很不錯但是甜度實在不敢恭維

----------------
回覆：
嘉義新開了一間再點了一次
完全沒有貴店的那麼的甜！！！！！", 1 顆星 ,86,"茶, "
33,五桐號WooTEA士林中正店,很喜歡他們的桂花烏龍凍飲，香氣足夠，一點點甜度就很好喝！！五桐茶喝下去也很順口不澀～店員服務十分親切～, 5 顆星 ,88,"茶, "
34,五桐號WooTEA士林中正店,"綠茶凍五桐奶茶：
綠茶凍入口香氣十足，回韻口感很棒，與五桐茶相呼應，是很好喝的奶綠；連不愛咀嚼的我都被征服，連續喝了好多天。😂

五桐奶霜(冰甜固定)：
口感層次豐富，奶霜綿密、茶香爽口，很完美😍", 5 顆星 ,90,"茶,  綠茶,  奶茶,  綠茶凍, "
35,五桐號WooTEA士林中正店,"葡萄奶蓋冰沙超好喝
不過真的蠻貴的 有嘗試過就好
荔枝凍飲也不錯
五桐奶蓋超推！
不愧是近期蠻有名的手搖飲", 5 顆星 ,91,"奶蓋,  奶蓋, "
36,五桐號WooTEA士林中正店,"士林捷運站一號出口近期新開幕的飲料店！
最近很夯的飲料店當然要來嘗嘗看~
店面裝潢很明亮，店內飲料製作的空間也很乾淨
店員很親切，如有需要介紹飲品都很熱情！

推薦飲品：
招牌五桐奶霜(大杯$55)：店家的完美比例！因此甜度冰量是固定的，茶的基底是五桐茶，據說是五種茶葉調製而成的，個人還蠻喜歡的，有點點類似青茶與紅茶融合的口感，比較輕盈的口感，茶味不會太苦，搭配奶霜真的非常讚，喝起來很順口

綠茶凍五桐奶茶(大杯$55)：招牌五桐奶茶再加入綠茶凍真的是絕配！喜歡茶香的朋友推薦可以點，甜度建議三分糖即可~

招牌五桐茶(大杯$35)：店家的招牌商品，甜度冰量是固定的，茶的味道比較輕的感覺，類似青茶與紅茶的口感
老實人紅茶(大杯$35)：名字很有意思但其實就是紅茶哈哈哈哈，正常的紅茶口味，可以調整甜度冰量", 5 顆星 ,92,"茶,  紅茶,  綠茶,  奶茶,  綠茶凍, "
37,五桐號WooTEA士林中正店,"五桐號 3訪
目前喝的飲料都能選擇都選半糖少冰
有些飲料是不能選擇，固定味道

荔枝冰茶凍飲
杏仁凍五桐茶
招牌奶霜

我個人喜歡茶凍系列的
飲料有些3分糖就蠻夠的，不喜歡太甜
而且茶凍會比茶更甜一點
整體口感會比奶霜好

最喜歡杏仁凍
雖然不能選冰塊甜度，但整個冰融化也不太影響整體表現，覺得很厲害👍🏻", 5 顆星 ,93,"茶, "
38,五桐號WooTEA士林中正店,"原本點了一杯柚子冰茶，櫃檯是一個女店員，她說沒有了，後來改點一杯奶霜，我馬上拿出載具要掃描，她立刻說發票已印好，但是我連錢都還沒給，也沒有詢問是否要刷載具，感覺很不好，後來我詢問女店員是否可以加珍珠，女店員說不行因為我的飲料已做好，但男店員卻拿一杯不是我點的飲料給我，然後我就說這不是我點的飲料，並重複問女店員我的飲料還沒做，可以加珍珠嗎？女店員默不吭聲了一段時間，完全沒有理我的意思，讓人感受極差，這時男店員才拿了空杯幫我加珍珠做飲料，杯子也沒有貼標，我想是根本把我的飲料點錯！

週五是上班的最後一天，想買杯飲料犒賞這週的自己，沒想到碰上這態度差的女店員，讓人消費感受極差！", 1 顆星 ,94,"珍珠,  茶, "
39,五桐號WooTEA士林中正店,第一次嘗試鮮奶系列非常好喝！店員很親切，店內看起來也很乾淨衛生，下次會想再嘗試凍系列的飲品：）, 5 顆星 ,96,"鮮奶, "
40,五桐號WooTEA士林中正店,"飲料超好喝，尤其是五桐奶霜，好像用了他們特調的配方，跟外面的奶蓋喝起來完全不一樣。
重點是這間店店員超親切，就算人很多也不會等太久，以後來士林一定都要點一杯😍", 5 顆星 ,99,"奶蓋,  奶蓋, "
41,萬波島嶼紅茶 Wanpo Tea Shop 台北士林店,"蘭葉那堤好喝👍🏼我點最低糖度二分糖
但剛拿到時那堤的顏色非常深咖啡色
(圖片的樣子是我自己加過牛奶拍的）
就是牛奶加的不夠多幾乎都是紅茶
相較其他飲料店的拿鐵的顏色較深色
喝起來茶味有點太重了一點點澀口
但回家後自己多加了兩公分的牛奶
顏色也變得比較奶色
就像一般飲料賣的紅茶拿鐵的顏色
這時飲料喝起來就變得很順口！
原本茶味就很突出加了牛奶變得很好喝
襯托出茶的香
所以給四顆🌟希望店家那堤牛奶可以再加多一點會更好喝😆", 4 顆星 ,100,"茶,  紅茶, "
42,萬波島嶼紅茶 Wanpo Tea Shop 台北士林店,"這二杯飲料也太好喝
糖的比例，都有把水果味帶出來

超好喝的。", 5 顆星 ,103,"水果, "
43,萬波島嶼紅茶 Wanpo Tea Shop 台北士林店,"周五想放鬆一下，跟同事們一起叫外送
點了芋頭牛奶
碎冰滿滿，沒甚麼芋頭味
連芋頭泥的感覺也沒有
根本在喝鮮奶剉冰", 1 顆星 ,105,"鮮奶, "
44,萬波島嶼紅茶 Wanpo Tea Shop 台北士林店,"午后初訪，點的是萬波奶茶，記憶點最深刻的是店內點餐小姊姊有禮客氣以及特別的是居然播放是古典音樂Cello，讓未飲的我直接好感度上升，插下吸管啜飲一口，真是有質感的飲料，愉快的購買經驗。

好喝的飲料 + 客氣有禮的店員= 完美。", 5 顆星 ,106,"茶,  奶茶, "
45,萬波島嶼紅茶 Wanpo Tea Shop 台北士林店,店員人很好，飲料好喝，波霸家裡小朋友很喜歡👍🏼, 5 顆星 ,110,"波霸, "
46,萬波島嶼紅茶 Wanpo Tea Shop 台北士林店,"目前喝過最合我口味的珍珠奶茶了！也是做外送才認識的店家,也有點過黑糖珍珠鮮奶,比某珍XX還要好喝！

不過第一次點我直接正常甜少冰結果我喝重甜的還覺得太甜,整個口感破壞掉,之後就點七分甜喝起來很剛好

如果怕太甜可以點五分甜就好,有一次買中山店的萬波不知道是不是店家差異,一樣點七分甜少冰結果喝起來像是五分甜...味道也沒這麼濃郁感

因為我本身很愛喝珍珠奶茶,士林店的萬波珍珠奶茶與黑糖珍珠鮮奶非常推薦喝看看", 5 顆星 ,112,"珍珠,  鮮奶,  茶,  奶茶, "
47,萬波島嶼紅茶 Wanpo Tea Shop 台北士林店,"最愛紅豆粉粿
一杯覺得不夠🥰🥰🥰
員工們都很親切
會提醒飲料搖均勻
檸檬泡久會苦
總之推推！👍", 5 顆星 ,113,"檸檬, "
48,萬波島嶼紅茶 Wanpo Tea Shop 台北士林店,"蘭葉那堤，半糖好好喝☺️這款一定要微糖或半糖不然會偏苦喔！因為茶很濃❤️
同事跟我說它跟約翰紅茶公司的煮濃那堤類似我才買的，還真的有像！開心不用跑到內湖才喝得到了^^ 許願萬波快來北投開分店😗", 5 顆星 ,119,"茶,  紅茶, "
49,老賴茶棧-士林店,"全品項來店買五送一、外送買十送一，很划算
豆香紅茶一入口滿滿豆香焦味，加上紅茶的甘醇尾韻。樂福茶裡面還有ＱＱ的茶凍真的好吃，而且夏天開到凌晨１點半，夜貓子也有冰涼的飲料可以買", 5 顆星 ,120,"茶,  紅茶, "
50,老賴茶棧-士林店,位於捷運士林站1號出口右手邊，連著好幾家手搖飲店的其中之一間，當天點了冬瓜檸檬🍋加波霸和韓柚青茶，口味過關但是價格稍微有些偏高。, 4 顆星 ,121,"波霸,  茶,  檸檬, "
51,老賴茶棧-士林店,珍珠太后牛乳和珍奶口味做得很相近，有些店只有珍奶特別好喝，在老賴可以喝到好喝的珍珠鮮奶。, 5 顆星 ,122,"珍珠,  鮮奶, "
52,老賴茶棧-士林店,"有病嗎 uber eat點兩杯有珍珠的給我細吸管
是要怎麼喝 有夠不爽", 1 顆星 ,123,"珍珠, "
53,老賴茶棧-士林店,前幾天晚上因為不知道喝什麼，有請問店員一些推薦和茶類區別，店員雖然很熱情親切的給建議，但是喝到的茶卻有點酸掉的感覺，很像隔夜的茶⋯，第三顆星是給店員的，專業的手搖飲店的茶要每天換新才對吧，喝到酸掉的真的很無言⋯, 3 顆星 ,124,"茶, "
54,老賴茶棧-士林店,"下午在士林店買紅茶，三分糖蠻甜的😄
紅茶不錯喝，如果沒有澀口就更好了。", 4 顆星 ,127,"茶,  紅茶, "
55,老賴茶棧-士林店,女店員很親切，今天來嚐鮮布丁奶茶，店員推薦1分糖，果然很剛好，搭配統一布丁的甜，整體不會太膩，但就是口味普通, 5 顆星 ,128,"布丁,  茶,  奶茶, "
56,老賴茶棧-士林店,靠近捷運士林站一號出口，店員都很親切，紅茶好喝，比一般的飲料店甜很多，建議點一分糖就可以了~, 5 顆星 ,129,"茶,  紅茶, "
57,老賴茶棧-士林店,"要買隔壁的茶湯會.結果走錯店.
看菜單有點陌生但不疑有他.
拿出茶湯會會員卡時.店員說是隔壁店.
如果店員沒跟我說.我永遠都不會發現.
最後我將錯就錯點了一杯.還可以：）...
😅我後面下一位客人.熊貓快遞要茶湯會取貨.也是走錯店到老賴茶棧.", 5 顆星 ,132,"茶,  茶湯, "
58,老賴茶棧-士林店,老賴紅茶就是好喝的古早味紅茶，三分糖就很甜了，自行加上光O燕麥奶簡直是戒奶（茶）者的無敵奶茶，大推。, 4 顆星 ,135,"茶,  紅茶,  奶茶, "
59,老賴茶棧-士林店,"豆香紅茶💰45：
豆香味很夠，紅茶也有古早味的香氣。糖量的建議上，不喜甜者建議點一分糖，完全無糖喝起來很奇怪，平常喝半糖的人建議三分糖就夠了，這樣也比較健康（？😂

～2022.1", 5 顆星 ,137,"茶,  紅茶, "
60,老賴茶棧-士林店,紅茶不錯，但豆漿就顯得不夠香純，對我來說半糖就剛剛挺甜的剛剛好。, 4 顆星 ,139,"茶,  紅茶, "
61,COMEBUY_士林美崙店,"服務其實滿好的
飲料也很好喝
喜歡加粉條～～～

有的評論好奇怪
你要環保杯要載具是不會自己主動講喔
店員是會通靈嗎誰知道你放桌上是要用還是暫放啊等一下碰了又該該叫
沒收你服務費還要伺候你真辛苦

我自己也是裝環保杯跟載具的人
講了店員也都很貼心會幫忙用", 5 顆星 ,140,"粉條, "
62,COMEBUY_士林美崙店,不少茶的品項都有淡淡果香，喝起來爽口不太會澀, 4 顆星 ,142,"茶, "
63,COMEBUY_士林美崙店,最喜歡喝雙Q鮮奶茶, 5 顆星 ,144,"鮮奶,  茶,  奶茶,  鮮奶茶, "
64,COMEBUY_士林美崙店,港式奶茶超好喝！很道地的味道，雖然價位有點貴><, 5 顆星 ,148,"茶,  奶茶, "
65,COMEBUY_士林美崙店,"茶是現泡的
推薦玫瑰普洱奶茶", 4 顆星 ,157,"茶,  奶茶, "
66,TrueWin初韻 士林文林店,"初訪
士林夜市附近的飲料店
芝士奶式Q葡萄很好喝
裡面的QQ還是寒天很有嚼勁", 5 顆星 ,160,"寒天, "
67,TrueWin初韻 士林文林店,點了芝士奶蓋鮮草莓和芝士奶蓋Q芒果，芒果真的很好喝，有芒果和透明的QQ，配上芝士很對味！第二次購買的口味是楊枝甘露，我是點微糖少冰，對我來說甜度很剛好，口感我也喜歡，整體來說很好喝！, 5 顆星 ,162,"奶蓋,  奶蓋, "
68,TrueWin初韻 士林文林店,"初訪～
點了濃郁好韻紅 微微～淡淡紅茶香，與普通買的紅茶味道不大相同，不錯喝。", 3 顆星 ,163,"茶,  紅茶, "
69,TrueWin初韻 士林文林店,今晚的短髮女店員就算客人很多還是耐心的向我介紹飲品，推薦十分詳細，最後我點好韻紅茶那提，但另一位長髮女店員就突然過來態度十分不佳的向短髮女店員說不要賣紅茶那提，原因不知道為什麼，但是直接在點完單的客人面前這樣說實屬不妥，還是給五顆星評價因為短髮女店員的表現優秀也不因此打折！, 5 顆星 ,165,"茶,  紅茶, "
70,TrueWin初韻 士林文林店,"下午去排隊
買到節慶限量版茶飲
真的很開心
價錢是其次(就算貴也能接受)
重點是茶品包裝很逗趣
真心謝謝店內的帥哥美女
今天您們都辛苦了！", 5 顆星 ,166,"茶, "
71,TrueWin初韻 士林文林店,"今日使用700CC環保杯購買大杯純茶，點去冰無糖，
居然茶裝一半就開始一直加冰塊，冰塊加到7分滿就拿來給我們，
告知女店員這是700CC環保杯詢問大杯是幾CC怎麼少這麼多....
他就繼續幫我們加冰塊，整杯一半是冰塊!!喝起來像喝開水，請問這是貴店品質嗎??給人感官非常差，不會再去了，感覺是在欺騙消費者....", 1 顆星 ,173,"茶, "
72,TrueWin初韻 士林文林店,"7/25晚上九點半左右進店消費
員工態度很棒,奶茶也很好喝
但我們點的是珍奶...一顆珍珠都沒有
到家後才發現就沒有特別再跑一趟
下次可能要注意一下~", 3 顆星 ,175,"珍珠,  茶,  奶茶, "
73,TrueWin初韻 士林文林店,服務人員親切，環境乾淨，設有內用區（四個位子）奶蓋味道很輕可惜了點, 4 顆星 ,177,"奶蓋,  奶蓋, "
74,TrueWin初韻 士林文林店,珍珠給超少 沒在唬 飲料還有三分之二珍珠就沒了 是要不要這麼小氣, 1 顆星 ,178,"珍珠, "
75,TrueWin初韻 士林文林店,"來逛士林夜市路過就被吸引進來了><
點了一杯芝士奶蓋鮮草莓

⭕ 第一口先不急的插吸管，把杯蓋打開，直接喝上一口芝士奶蓋，甜甜地又柔順的口感，都可以直接單吃起來了。
⭕ 之後再插吸管下去喝，草莓和奶蓋攪拌喝起來，甜甜微酸的好喝的停不來😋

⭕ 杯蓋上面的旋轉設計真的很厲害
⭕ 店員有認真介紹&服務態度也都很棒

----------------------------------------

意外的發現一間好喝的飲料店，推薦大家去喝喝看喔～有發現大家都在推薦水果茶，期待下次再來光顧嚐鮮。", 5 顆星 ,179,"奶蓋,  奶蓋,  茶,  水果, "
76,圓石禪飲-士林大北店,茶感覺不是很到位，喝起來有淡稀水份比例有點落差，粉圓有點硬及結塊多及少量，吸起來不是很順。, 2 顆星 ,180,"粉圓,  茶, "
77,圓石禪飲-士林大北店,鮮奶很淡，感覺有另外加水。黃金粉圓一樣很好吃！又Q又有蜜香味，因為店不多路過可以買, 3 顆星 ,181,"粉圓,  鮮奶, "
78,圓石禪飲-士林大北店,超級好喝的紅茶加珍珠只要1元真D佛系飲料店, 5 顆星 ,183,"珍珠,  茶,  紅茶, "
79,圓石禪飲-士林大北店,從大學喝到研究所畢業，只能說店員態度越來越差，是看在圓石奶茶的味道特別，經過都會買一下，不然每次來點飲料，店員有氣無力的都讓我感覺快被超度了。, 3 顆星 ,184,"茶,  奶茶, "
80,圓石禪飲-士林大北店,"麥茶好喝
格雷奶茶也好喝
買飲料還可以累點兌換
但是本來是實體卡有優惠
而且實體卡是花錢買的
現在更改線上
大家都可以免費成會員拿優惠
那本來實體卡的客人補個金額進會員
或有其他優惠感覺比較合理
不然感覺是白花錢買了………", 3 顆星 ,185,"茶,  奶茶, "
81,圓石禪飲-士林大北店,剛剛買冬瓜茶瓶裝要65，個人覺得蠻貴的，瓶裝其實也才大概1000cc如果再加微冰的話就跟一般手搖杯的大杯一樣，而且有花錢加珍珠結果沒加, 2 顆星 ,186,"珍珠,  茶, "
82,圓石禪飲-士林大北店,"買了一杯雲清烏龍加黑糖琥珀，
居然是九成的硬粉圓混少數幾顆Q粉圓，
這是拿隔夜粉圓出來賣嗎？！！！！！
做餐飲最重要的是食材品管，
已經那麼多客人反應粉圓是硬的，
店家卻視而不見，再三忽視問題，
如果出問題了，店家會負責嗎😡", 1 顆星 ,187,"粉圓, "
83,圓石禪飲-士林大北店,茶好喝粉圓好吃，XL杯就是爽！每次用熊貓點餐附註不需要吸管等需求都有被聽進去, 5 顆星 ,188,"粉圓,  茶, "
84,圓石禪飲-士林大北店,"復刻粉圓鮮奶茶好喝
但是珍珠太甜了
奶茶有種不同的味道很特別
晚上來點的時候工作人員偏少
櫃檯很忙碌  需要等一下時間
另外門口有個洗手台覺得很貼心", 4 顆星 ,190,"珍珠,  粉圓,  鮮奶,  茶,  奶茶,  鮮奶茶, "
85,圓石禪飲-士林大北店,"茶很淡，鮮奶也很淡，粉圓很硬很少
76大洋，嚇死寶寶惹😳", 1 顆星 ,195,"粉圓,  鮮奶,  茶, "
86,清心福全士林文昌店,"難怪大熱天
沒半個客人
店員態度超差
點了茶飲根本不理
兩個店員自顧自的對話

太差了～", 1 顆星 ,201,"茶, "
87,清心福全士林文昌店,"茶類完全沒味道！
點烏龍綠微冰微糖加厚，卻跟我說要加厚只能去冰，微冰無法加厚。買清心好幾年了。第一次被告知無法這樣調配。不會再去了！！！", 1 顆星 ,203,"茶, "
88,清心福全士林文昌店,"珍珠很Q,奶茶味不足，半糖喝起來像微糖，態度就是沒基本的問候請問、你好、謝謝這樣。", 3 顆星 ,204,"珍珠,  茶,  奶茶, "
89,清心福全士林文昌店,晚上8點多買青茶加珍珠，珍珠吃起來整個是酸的，一整個超難喝，葡萄柚綠茶也是感覺比例就沒調好，整個超苦。, 1 顆星 ,205,"珍珠,  茶,  綠茶, "
90,清心福全士林文昌店,點了一杯溫的鮮奶茶，結果給了我一杯滾燙的，而且還用塑膠杯，女店員臉很臭，男店員至少服務態度親切而且也提醒小心燙口，女店員員工訓練有待加強, 1 顆星 ,212,"鮮奶,  茶,  奶茶,  鮮奶茶, "
91,清心福全士林文昌店,這是我喝過最難喝的一間分店...紅茶微冰，但整杯都是冰塊融化後的生水味，完全沒茶味, 1 顆星 ,214,"茶,  紅茶, "
92,清心福全士林文昌店,服務態度差，點熱的飲品卻給常溫的飲品，而且茶味很淡。不會想來買第二次。, 1 顆星 ,215,"茶, "
93,CoCo都可 士林中正店,"上次有個男店員服務態度超好的，可能就是大家評論裡那位很受歡迎的人，不過今天沒遇到。

今天一樣點了最愛的芒果冰沙和芒果綠茶，但是女店員不是說冰沙不能調整嗎？還是誤把芒果綠的糖、冰key到冰沙去了？
點餐時覺得音樂蠻大聲的，可能是原因。", 3 顆星 ,220,"茶,  綠茶, "
94,CoCo都可 士林中正店,等了半小時以後，拿不到珍珠鮮奶茶，說沒珍珠了，換成布丁，之後布丁只有兩口不到的量，感覺超差，CP值超低。, 1 顆星 ,226,"珍珠,  布丁,  鮮奶,  茶,  奶茶,  鮮奶茶, "
95,CoCo都可 士林中正店,"最近有一個新的男店員，胸前有刺青，雖然體格壯碩，但高八度的笑聲真有違和感😅
不過態度很好很親切👏👏
coco的百香雙響砲跟奶茶三兄弟
一直是我的心頭好❤️", 5 顆星 ,232,"茶,  奶茶, "
96,CoCo都可 士林中正店,服務態度很好但我點百香綠茶微糖去冰以為在喝水 超級無敵淡浪費50塊真的不好喝, 3 顆星 ,236,"茶,  綠茶, "
97,龜記茗品 士林中正店,就在士林捷運站出口右邊很方便，有一整排的飲料店可以挑，點了店內推薦的紫葡蘆薈春💰69元，甜度最低ㄧ分，店員提醒甜度低味道會較不夠，點了三分覺得剛好。只是喝不出主体的味道。, 5 顆星 ,240,"蘆薈, "
98,龜記茗品 士林中正店,"第一次點蘋果紅萱 好好喝 ❤️
茶味跟蘋果的味道完美融合
微糖微冰剛剛好
喜歡甜一點的建議可以半糖", 4 顆星 ,243,"茶, "
99,龜記茗品 士林中正店,今天看到新產品上市立刻來嚐鮮，紫葡蘆薈春真的好好喝，而且蘆薈給好多，差點吃不完，店員都很有禮貌👍, 5 顆星 ,245,"蘆薈, "
100,龜記茗品 士林中正店,"服務態度欠佳 沒聽清楚就把飲料用甩的😎
6/23 12:31 四季春清茶 結帳的女員工（好像有戴眼鏡）
正確的說是用力甩丟放在檯子上 （如果甩到身上我還真的會傻眼）只是因為我點飲料剛開始有點小聲她就不爽了欸 很有氣勢喔！教育她可能會找藉口只是手滑🤔", 1 顆星 ,247,"茶, "
101,龜記茗品 士林中正店,今天開開心心點了三杯飲料，在紫葡蘆薈春裡喝到鐵絲或鋼絲的東西，好險沒吞下去🥲請你們在注意一下，給三顆是飲料真的好喝還有店員可愛親切☺️, 3 顆星 ,248,"蘆薈, "
102,龜記茗品 士林中正店,龜記濃乳茶的味道較濃，好喝。, 4 顆星 ,254,"茶, "
103,龜記茗品 士林中正店,今天點了一杯柳丁翡翠 回家滿心期待打開要喝的時候 發現只有綠茶….., 1 顆星 ,258,"茶,  綠茶, "
104,龜記茗品 士林中正店,"龜記濃乳茶、小農鮮奶茶、極品奶茶都喝過，龜記濃乳茶最好喝

但他們家的飲料上面都有一層厚厚的泡沫，我拿到家時上面封膜都要爆炸了", 5 顆星 ,259,"鮮奶,  茶,  奶茶,  鮮奶茶, "
105,好吸HITS THE SPOT大南店-手搖飲店|飲料店推薦|,"凍檸茶超讚！ 大推👍🏼
而且老闆很幽默⋯^ …", 5 顆星 ,263,"茶, "
106,好吸HITS THE SPOT大南店-手搖飲店|飲料店推薦|,老闆人超好顆顆奶蓋綠超讚, 5 顆星 ,265,"奶蓋,  奶蓋, "
107,好吸HITS THE SPOT大南店-手搖飲店|飲料店推薦|,仙草凍鮮奶，超奶超好喝🤩� …, 5 顆星 ,267,"仙草,  鮮奶, "
108,好吸HITS THE SPOT大南店-手搖飲店|飲料店推薦|,凍檸茶好喝❤️❤️, 5 顆星 ,271,"茶, "
109,好吸HITS THE SPOT大南店-手搖飲店|飲料店推薦|,"價格以台北士林來說算平價
奶蓋綠茶的奶蓋是甜的的超厚奶蓋", 4 顆星 ,273,"奶蓋,  奶蓋,  茶,  綠茶, "
110,好吸HITS THE SPOT大南店-手搖飲店|飲料店推薦|,奶茶好喝！, 5 顆星 ,277,"茶,  奶茶, "
111,甘蔗農夫茶飲店（士林總店）,2022/06/11初訪，招牌甘蔗清茶青茶$55，就是甘蔗汁加綠茶的感覺，很特別，茶味不苦，滿香的，甘蔗的甜度也ok，但另一半還是覺得太甜，下次再試其他款, 4 顆星 ,280,"茶,  綠茶, "
112,甘蔗農夫茶飲店（士林總店）,很好喝，以前經過總是在豔陽下，這兒沒什麼行道樹，一定會買一杯原味甘蔗青茶消暑，但最近買罐裝回家發生了悲劇，瓶子居然在開冰箱時墜落碎片噴飛，地板擦了五回才沒那麼黏，都還沒開始喝就沒了，對不起製作甘蔗汁的人浪費了，以後請各位還是帶自己的水壺去裝，環保又安全。, 5 顆星 ,282,"茶, "
113,甘蔗農夫茶飲店（士林總店）,點了招牌甘蔗青茶和招牌甘蔗檸檬，點完沒多久就拿到飲料，店員動作敏捷快速，飲料好喝又不會太甜。, 5 顆星 ,283,"茶,  檸檬, "
114,甘蔗農夫茶飲店（士林總店）,外頭三十幾度的高溫來一杯甘蔗青茶真是透心涼，不會太甜茶味清香，真的很棒！, 5 顆星 ,285,"茶, "
115,甘蔗農夫茶飲店（士林總店）,還算不錯喝！記得已經開一陣子了！最喜歡他們家的甘蔗青茶，甘蔗果汁搭配青茶那一種感覺很順口，不會死甜而是甘蔗的那種自然甘甜味，這次又嘗試了甘蔗金拮，自然的果酸喝起來真的很難停止，我想之後我還會找身邊的三五好友來一起買的，如果覺得小杯跟大杯量不夠過癮的話，還可以選擇有大瓶子裝的尺寸，雖然比較貴但是絕對是很值得的，重點是瓶子喝完之後還可以重複利用，瓶身的造型很現代化不會很落伍的感覺，現代人雖然很愛喝手搖飲，但普遍都不是很健康的甜與糖量，甘蔗農夫所出產的飲料絕對是很符合大家愛的手搖飲風格也同時兼具著健康的部分，由甘蔗農夫幫我們把關著身體的五臟六腑絕對是很放心的，期待之後回購的那天到來，相信每一次喝不一樣的飲品都會是有不一樣的驚喜，也希望推薦給朋友嘗試的時候朋友會覺得很好喝很滿意，再進而推薦給更多想要健康的人飲用。, 5 顆星 ,287,"茶, "
116,甘蔗農夫茶飲店（士林總店）,"IG: heathyfoodtea0958

簌了一口#台灣四季春青茶
老闆！你的茶真的鮮欸😍

台灣四季春該有的花香裡帶著微微梔子花、茉莉花晨間的鮮香與嘴裡不澀回潤甘甜的滋味口感是杯好茶❤️

下次再來喝喝厲害的甘蔗系列~", 5 顆星 ,288,"茶, "
117,甘蔗農夫茶飲店（士林總店）,"甘蔗飲料甜度固定無法調整，現場可使用LINEPay或街口支付。

🔸招牌甘蔗青茶
甘甜順口不澀，好喝。

🔸甘蔗鮮橙綠
甘蔗味跟柳橙味道意想不到的適合，入口先是甘蔗溫潤的甜，後面隨即帶出柳橙味，相當甘甜好喝的一款飲料。

🔸招牌甘蔗檸檬
簡單來講就像是加了甘蔗糖的檸檬汁，喝起來比較溫和不刺激。", 4 顆星 ,289,"茶,  檸檬, "
118,甘蔗農夫茶飲店（士林總店）,"飲料好喝！
推薦甘蔗檸檬，甘蔗青茶！
之前被同事推薦去買，不小心在要騎車時掉到地上打破流一地，店家居然霸氣的直接再請一杯！非常感謝您的心意！", 5 顆星 ,294,"茶,  檸檬, "
119,甘蔗農夫茶飲店（士林總店）,"2020年路過造訪，之後成為常客！每次至少兩杯以上！
甘蔗的香氣👍🏻 大推甘蔗鮮奶和甘蔗鮮橙！", 5 顆星 ,295,"鮮奶, "
120,天仁茗茶 士林店,在士林榮華市場入口處的左側處，我愛喝芋香奶綠鮮奶的真的很好喝110元，熱飲的部分我推薦菊花普洱茶70元，同事都很愛喝他的珍珠奶茶著很Q彈，珍珠奶茶鮮奶的大杯$90 ，中杯$70 ，店內還有賣很多的茶品包含茶葉，禮盒樣品十分的多，蠻適合買來送長輩的，現在有特惠活動還蠻優惠的，我有買綠茶芥末花生真的還蠻好吃的很特別的味道，朋友請我買919茶王說他喝過很多次覺得蠻好喝的，裡面的服務人員態度十分親切，飲料的服務人員也是一樣，在中正路上墊腳石書局的正對面，付款方式有多種行動支付也蠻方便的～, 5 顆星 ,300,"珍珠,  鮮奶,  茶,  綠茶,  奶茶, "
121,天仁茗茶 士林店,"因應疫情，戴口罩，勤洗手，保持社交距離。
2022／09／12首次造訪該店家。
點了漂浮青檸蘋香大杯100元。
檸檬味很重，還有很多渣（應該是檸檬皮，果肉之類）但因為渣導致口感不好。而且因為檸檬味太重，造成漂浮抹茶冰淇淋感受很微弱，更不用說蘋果味了。
總結就是不搭嘎。
天仁茗茶很少踩雷，今天遇到了XD。", 2 顆星 ,301,"冰淇淋,  茶,  檸檬, "
122,天仁茗茶 士林店,以前喝過的天仁茗茶，滿口茶香，最近給它幾次機會，買了鮮奶綠、金香奶茶、茶香奶綠，全都一樣，只是加了糖跟水的東西，完全沒有茶香味，真令人失望, 1 顆星 ,302,"鮮奶,  茶,  奶茶, "
123,天仁茗茶 士林店,"【貝里大吉嶺紅茶+珍珠 75元】
被熱情到店員推銷成功。
加入覆盆子的大吉嶺，風味多了酸香層次，珍珠也Q軟適中；價位偏高，偶一試可！", 5 顆星 ,304,"珍珠,  茶,  紅茶, "
124,天仁茗茶 士林店,"2022/01
點了一杯913茶王大杯無糖少冰，用悠遊卡支付，獲得悠遊卡公司跟天仁茗茶合作的紅包袋，上面有石虎，很可愛！

不過這間分店的913茶王較澀（相較我喝過的其他間）", 4 顆星 ,305,"茶, "
125,天仁茗茶 士林店,茶都淡了還繼續賣，搞什麼, 1 顆星 ,306,"茶, "
126,天仁茗茶 士林店,普普通通，去冰喝起來感覺是涼又沒有到涼的感覺，不像是手搖過，但珍珠不錯, 3 顆星 ,308,"珍珠, "
127,天仁茗茶 士林店,"飲品裝的太滿容易溢出
鮮奶使用鮮乳坊還不錯", 2 顆星 ,309,"鮮奶, "
128,天仁茗茶 士林店,"品質很差
還是天仁品質都跑掉了？
茶王➕蜂蜜
沒有茶香，沒有蜂蜜香味
最後還套水！😞😞應該要問一下客人吧", 1 顆星 ,310,"茶, "
129,天仁茗茶 士林店,"和一般飲料店不同，真的像是茶葉沖泡的味道，有回甘的感覺。
不過店員服務態度不是很好…比較可惜。", 4 顆星 ,311,"茶, "
130,天仁茗茶 士林店,"喝了上百次的913無糖茶王，喝到有糖的反應給店員，得到傻眼的回覆，這是回甘，回甘，回甘...請問回甘跟加五分糖我會喝不出來嗎？🤔🤔
我不是奧客，但你們完全瞪大眼睛看我加上皺眉頭，服務業應該不是這樣吧！！！
最後，我把他倒掉了，因為這杯茶真的不是回甘😤
也許你覺得甜的沒差，但有些茶飲真的無糖才好喝！！", 3 顆星 ,312,"茶, "
131,天仁茗茶 士林店,服務態度有待加強，前面一個客人點杯飲料可以弄5分鐘！我點杯茶、溫的無糖，講了3遍，還一直問要加珍珠嗎？甜點、冰塊？, 1 顆星 ,317,"珍珠,  茶, "
132,天仁茗茶 士林店,我自己常常在西門捷運站附近的天仁茗茶買奶茶，多久可以出一杯是很固定的，今天到附近等公車，眼看還有4分鐘，而前面只有1-2個人在等，但眼看著公車準時到，我的那一杯都還沒開始做，因為我的公車班次少、我又趕時間，說下次再來領，後面慢吞吞製作的人員（當時才剛完成前一杯、我的那杯還沒做）說不行，然後把我的材料下了⋯⋯據我目視觀察，兩位服務人員都呈現一個懶洋洋的狀態，不像西門店手腳俐落快速，可能是來客數沒有敏捷的需要，但應變能力跟服務意識不足則是可以改進的。, 2 顆星 ,318,"茶,  奶茶, "
133,可不可熟成紅茶-台北士林店,"胭脂紅茶終於回來了!!
跟別家店比起來比較好喝!不澀~回甘!
櫃檯人員親切有禮~太冰太甜都會告知!!~
推薦的無糖紅茶
試起來還不錯👌", 5 顆星 ,320,"茶,  紅茶, "
134,可不可熟成紅茶-台北士林店,"我想請問一杯飲料需要加到一整顆檸檬？
我到底在喝飲料還是吃水果阿
再加個冰塊 喝個兩口就沒了
一杯賣我70塊
好樣的阿", 1 顆星 ,321,"檸檬,  水果, "
135,可不可熟成紅茶-台北士林店,"現在有超可愛的青花瓷寶可夢聯名飲品喔！
覺得胭脂多多好好喝！蜜桃紅茶加多多～(((o(*ﾟ▽ﾟ*)o)))但很奇怪我以為杯子是胖丁的但是拿到卻是妙蛙種子=3=

更新～夏天喝荔麗紅茶～裡面有白玉和耶果～無糖微冰還不錯", 4 顆星 ,322,"茶,  紅茶, "
136,可不可熟成紅茶-台北士林店,交通便利，離士林捷運和小北街公車站很近，店員會提醒正常甜度會很甜，點的是熟成紅茶，中杯半糖熱的30元，覺得比一般茶飲店的正常甜還要甜，這次跟寶可夢聯名，包裝設計覺得很值得入手，買了皮卡丘環保提袋，320元有點小貴，但質感還不錯, 4 顆星 ,325,"茶,  紅茶, "
137,可不可熟成紅茶-台北士林店,"可不可紅茶就那樣，差不多，還不錯啦！
這家可不可我來買過兩次
兩次都是跟77一起喝的
上一次的見面是3/4
8/25我們終於見面了
兩個人都好尷尬喔
能在七夕見面對我來說
就是最好的禮物", 4 顆星 ,326,"茶,  紅茶, "
138,可不可熟成紅茶-台北士林店,"從台中就喜歡上的可不可，士林就有了～ 🎉

他們不是讓你喝一口就驚艷的超貴飲料
而是一位可以陪你一路吃完夜市的夥伴

新包裝也真的很好看
自己個人蠻喜歡無雙紅茶，口味蠻特別的
-
如果你在士林想一路吃吃喝喝，黑糖珍珠鮮奶那種就完全不適合你唷！", 4 顆星 ,327,"珍珠,  鮮奶,  茶,  紅茶, "
139,可不可熟成紅茶-台北士林店,"位於士林夜市的手搖飲店
店內裝潢的很有特色
可以拿著飲料拍網美照~

第一次點可能會看不太懂品名
旁邊有小字說明不用擔心
珍珠都是白玉珍珠（$10）
推薦品項：熟成紅茶、春芽冷露", 5 顆星 ,328,"珍珠,  茶,  紅茶, "
140,可不可熟成紅茶-台北士林店,連紅茶都有很多不同選擇，還有詳細的甜度、冰塊比例圖示, 4 顆星 ,330,"茶,  紅茶, "
141,可不可熟成紅茶-台北士林店,可不可熟成紅茶是我近期內喝過口感最好的紅茶，店內的裝潢也十分美觀，重點是價格也很親民啊！, 5 顆星 ,332,"茶,  紅茶, "
142,可不可熟成紅茶-台北士林店,經過士林這家有一面紅茶罐的牆面較別緻首次嚐試紅茶搭配的各式飲品太妃紅茶有些許咖啡味, 3 顆星 ,334,"茶,  紅茶, "
143,可不可熟成紅茶-台北士林店,店員都很親切，紅茶很好喝 🍵不喜歡太甜的可以微糖哦！, 5 顆星 ,337,"茶,  紅茶, "
144,可不可熟成紅茶-台北士林店,"通常在這裡我會點熟成紅茶
整體來說是好喝的
但是有時候會喝到稍微有點淡
茶味沒那麼重的紅茶", 3 顆星 ,339,"茶,  紅茶, "
145,珍煮丹 士林大北店,我通常都點黑糖珍珠鮮奶，珍珠泡在黑糖裡已經蠻甜了，我們都點無糖（不會再另外加黑糖）；珍珠黑糖味很濃，鮮奶滑順。, 4 顆星 ,340,"珍珠,  鮮奶, "
146,珍煮丹 士林大北店,剛剛11點多的那個服務員態度服務超棒的，因為點的是微糖，稍稍覺得喝起來沒有那麼濃郁，珍珠是小顆，Q度與黑糖香氣還蠻剛好的。, 5 顆星 ,342,"珍珠, "
147,珍煮丹 士林大北店,生意蠻好的飲料店，招牌是黑糖珍珠鮮奶（中杯$55，大杯$75），蠻甜的，怕甜的朋友可以調整一下冰塊糖度喔~, 5 顆星 ,343,"珍珠,  鮮奶, "
148,珍煮丹 士林大北店,買日月潭紅茶 ，跟水一樣非常淡，完全沒茶味...2/18號買的，跟糖有沒有加無關，是茶真的是白開水，一個男店員態度也不是很好, 1 顆星 ,345,"茶,  紅茶, "
149,珍煮丹 士林大北店,點了兩杯飲料都是無糖微冰，但喝起來像其他飲料店的全糖⋯⋯雖然兩杯飲料都有加珍珠但也不至於這麼甜吧！, 1 顆星 ,346,"珍珠, "
150,珍煮丹 士林大北店,"好喝歸好喝，招牌大杯的要70，珍珠黑糖味沒有很濃，到後面是蔗糖味，整體還不錯喝

蜂蜜檸檬菊花茶，圖片上是有菊花，但實際上並沒有

另外店家不會問要不要塑膠袋，所以每杯都會直接裝，個人覺得很不環保", 3 顆星 ,347,"珍珠,  茶,  檸檬, "
151,珍煮丹 士林大北店,珍珠的黑糖味比預期的低一點，糖漿有種蔗糖感覺，飲料價位高所以這樣表現只能說中規中矩，而開發票這點倒是很值得鼓勵！如果喝不到陳三鼎，這邊會是可以替代的解饞飲料！, 4 顆星 ,349,"珍珠, "
152,珍煮丹 士林大北店,還不錯喝的黑糖珍珠鮮奶茶，黑糖味很香。泰泰鮮奶茶珍珠，黑糖味不會搶過泰式奶茶的味道，是好喝的！, 4 顆星 ,352,"珍珠,  鮮奶,  茶,  奶茶,  鮮奶茶, "
153,珍煮丹 士林大北店,點了基本茶品，感覺跟之前比，沒這麼香甜，而是苦澀，波霸也不夠甜。, 3 顆星 ,354,"波霸,  茶, "
154,珍煮丹 士林大北店,"有夠慢
有夠會聊天
一樣的問題 問兩次
懷疑新手
珍珠現煮？奶現擠？", 1 顆星 ,356,"珍珠, "
155,珍煮丹 士林大北店,這是一家讓我愛上珍珠奶茶的店, 5 顆星 ,357,"珍珠,  茶,  奶茶, "
156,珍煮丹 士林大北店,"建議總店把加盟收回來，免得砸壞自己的招牌

黑糖珍珠厚鮮奶的奶茶太稀，奶蓋比例不對太鹹，是喝過最難喝的珍煮丹

能理解店面不在主街上人流較稀少，但偷工減料絕對不是解決問題的方法", 1 顆星 ,358,"珍珠,  奶蓋,  奶蓋,  鮮奶,  茶,  奶茶, "
157,50嵐 士林文林店,每次去買珍奶🧋每次喝味道都不同，有的沒茶味，沒奶味，今天買跟開水一樣什麼味道都沒有 還遇到沒看過女店員態度臉色很不好！在飲料工作過的我在想：飲料調配不是有固定比率嗎？為什麼每次去買味道差那麼多？這叫就員工特調嗎？怎麼調看員工心情？今天買感覺開水跟珍珠調配完全沒味道，越喝越氣…這是最後一次購買！, 2 顆星 ,361,"珍珠,  茶, "
158,50嵐 士林文林店,安心服務公約寫心酸的？叫客人戴口罩，自己廚房員工不戴口罩在煮茶、煮珍珠，0確診也不必這樣鬆懈吧！, 1 顆星 ,364,"珍珠,  茶, "
159,50嵐 士林文林店,今天午餐後1點多去買的，有個刺青女店員態度超好，我叫三杯溫度、糖、加料都不同分開裝，也做的很好，泡飲料有個胖胖男生平劉海很會泡金吉檸檬+耶果、珍奶🧋，好喝到炸鍋👍, 5 顆星 ,371,"檸檬, "
160,50嵐 士林文林店,"這是前陣子發生的事情，當時很生氣，
卻沒想到可以在GOOGLE評論寫下評價，
後來想到就回來寫評論，順便給大家做一個警醒，
以下描述句句屬實。

2021/9/4 19:39，
打給50嵐士林文林店，
向店員(女)詢問是否有小珍珠，
在得到確認的答案後，點了一杯中杯混珠奶茶，
並且告知店家要自取，店員告知我20分鐘後，
也就是20:00可以去現場自取，
到了晚上八點整，來到店門口，告知店員是來自取的，
沒想到店員(男)竟然跟我說紅茶已經沒有了，
問我要不要烏龍或四季，
我拒絕後便離開了。
很驚訝50嵐會有這樣的處理方式，
當下不確認是否有存貨，為何要告知消費者可以晚上八點過去自取?
這20分鐘我完全沒有收到任何一通電話告知我沒辦法做混珠奶茶，
等到現場，店員才若無其事的說沒有紅茶了。
根本把消費者當白痴耍。

雖然已經過了2個月了，
當時最基本的應對進退都做不好，
也不知道現在是不是有「確實」的改進，
總之還是不要對這家50嵐抱有太大的期待。", 1 顆星 ,372,"珍珠,  茶,  紅茶,  奶茶, "
161,50嵐 士林文林店,我認為這家五十嵐有堅持本來的味道，喝過這麼多間五十嵐，很多間味道都跑掉，唯獨這家喝了幾十年都沒有變，波霸也是煮的非常好，軟硬適中甜味也夠，值得再來, 5 顆星 ,377,"波霸, "
162,50嵐 士林文林店,"今天晚上9:30點餐的時候店員就一直聊天了
點了一杯紅茶拿鐵+混珠
啊結果拿到就沒給珍珠！
所以就根本顧著聊天：）

下次可以不要在聊天了嗎", 1 顆星 ,379,"珍珠,  茶,  紅茶, "
163,泰愛了 手工泰式奶茶 士林總店,五彩繽紛選擇很多，，喜歡手工茶濃泰奶，好香好好喝，老闆娘態度很親切, 5 顆星 ,381,"茶, "
164,泰愛了 手工泰式奶茶 士林總店,"啊！......沒錯！這就是我睽違已久、魂縈夢牽的泰國奶茶的味道！
終於再次喝到了！真的讓我十分感動！
記得多年以前，曾在台北榮總住院過一段不短的時間，在中正樓一樓的美食街，有著一間賣白斬雞飯的店家，他們的泰國奶茶就是這個味道！可惜，後來隨著我康復出院，多年之後再去之時，美食街已經隨著經營體系的不同，被其他店家所替代。我為此深深感嘆多年。如今再次品嘗到美味，真的是十分高興！
之前有先喝過泰陽的，可惜他們的味道沒有這麼濃郁，突出的是茶香味道。卻偏離了原本泰國奶茶該有的味道，只能給4顆星......
因此，呼籲想要喝到正統泰國奶茶的網友，一定要來試試看這家！
讚！100分啦！", 5 顆星 ,385,"茶,  奶茶, "
165,泰愛了 手工泰式奶茶 士林總店,帥老闆 正板娘 好喝泰式奶茶👍多支持一下年輕人創業, 5 顆星 ,392,"茶,  奶茶, "
166,泰愛了 手工泰式奶茶 士林總店,"路上經過泰奶都會買一下
常常遇到 不是不夠甜就是茶味太重
但這間經過詢問調整過後 調得恰到好 很滿意
5星 奉上 會在回顧 謝謝", 5 顆星 ,394,"茶, "
167,先自然-西門町門市-西門町外帶飲料店|特色茶飲|夏季飲品|,每次來西門町都會想買的飲料店，相較其他飲料店比較獨有，青茶無糖茶微澀一點，朋友點了青檸葚夏，甜度只有分無糖跟有糖（一分甜），但因為店員說偏酸所以點有點甜，平常愛喝甜的朋友覺得點有糖可以，其實不太酸，不喝甜的朋友可以無糖覺得比較剛好。, 4 顆星 ,400,"茶, "
168,先自然-西門町門市-西門町外帶飲料店|特色茶飲|夏季飲品|,"主要因為前陣子喝過鮮奶系列鮮奶給的很足，不會因為裝杯後還有空間用白開水充數，不錯的印象讓我今天特地又到這家店買飲料
但嘗試了茶系列的..感受真的很差
原本沒有想要評價，但喝到後面喝不太下去，所以拍了喝到一半的照片
果粒鮮柚茶$65 ，我平常很喜歡喝葡萄柚的茶，而且點微糖都一定會有甜有味道，不點無糖就是怕提不出味，但這家不知道為什麼，其他家的葡萄柚都很香甜，這家卻又苦又不甜，而且微糖加進茶裡面也沒有任何幫助..整個偏淡，裡面有果肉，但是因為本身就不好吃，所以吃果肉也是增加苦味，不曉得店員做之前有沒有喝比例是不是有錯..總之覺得有改善空間。
在地甘蔗青茶$65 這杯是友人喝的，雖然他不浪費的喝完了，但是也是說沒什麼味道
總之..現在的飲料店價位都差不多這個區間，如果跟人家一樣貴卻比人家還要淡的味道，那我可能不會再光臨..
（以上純屬個人感受，不表示店家實際狀況）", 1 顆星 ,401,"鮮奶,  茶, "
169,先自然-西門町門市-西門町外帶飲料店|特色茶飲|夏季飲品|,"點了無糖去冰的「珍珠紅茶那堤」
喝起來水加很多…
茶味跟奶味都超級淡 非常失望…

這個都標榜皇冠的圖案了QQ
難怪旁邊兩家飲料大排長龍
這邊生意冷清

幸好價格不算特別貴", 3 顆星 ,402,"珍珠,  茶,  紅茶, "
170,先自然-西門町門市-西門町外帶飲料店|特色茶飲|夏季飲品|,看到是台南府城的就想試一下，Logo很可愛，店內天花板蠻有趣的，點了龍眼蜂蜜紅茶，覺得蜂蜜味可以再重一些，紅茶稍微偏苦澀，價錢不貴。Pii ◉‿‿◉, 3 顆星 ,403,"茶,  紅茶, "
171,先自然-西門町門市-西門町外帶飲料店|特色茶飲|夏季飲品|,"因為沒喝過，選一個感覺不會踩雷基本款
真的不錯，微糖少冰
喝起來酸甜很適合夏天
裡面愛玉給的也不少
只是人有點多
要等待而已", 4 顆星 ,405,"愛玉, "
172,先自然-西門町門市-西門町外帶飲料店|特色茶飲|夏季飲品|,"7/18晚上七點在此店購買「龍眼蜂蜜綠茶」正常微冰

但喝起來完全完全沒有蜂蜜的味道

根本就只是綠茶而已，喝起來跟鋁箔包的茉莉綠茶一模一樣，虧你還標榜台南府城，根本丟台南人的臉", 1 顆星 ,406,"茶,  綠茶, "
173,先自然-西門町門市-西門町外帶飲料店|特色茶飲|夏季飲品|,"先說飲品的部分
買了三杯飲料
一杯珍奶請人喝 聽說口味還不錯，對方蠻喜歡的
一杯果橙綠 $65
喝起來  超！級！化！學！味！😵
麻煩要喝水果的，請轉往麻古
這家果橙綠喝了保證後悔，很不舒服
另一杯好像是珍珠紅茶拿提吧 忘了喝起來的感覺 但應該就尚可

以下是店員問題 (´･_･`)

因為珍奶是要請人喝的，點餐時就有告知店員「麻煩在珍奶那杯上面貼個標籤做記號🏷️」
結果A店員聽到先愣住表示：我們杯子旁邊都會貼標籤喔
……

在封膜上做記號貼貼紙是因為這樣可以直接在上方直接辨別出哪杯飲料是珍奶，不用特別提高袋子 再轉袋子找飲料啊
然後a店員還是一整個困惑，直到旁邊有其他店員告知他該怎麼做，他才有下一個動作

結果後來貼了一個透明底的品牌貼紙在封膜上，感覺依然沒搞清楚為何客人會有此要求

在旁邊稍等一陣子後，B店員先是看了兩杯做好的飲料號碼，叫號說飲料好了， 同時也把飲料裝入兩入的塑膠袋裡

我：我點三杯。

店員才發現旁邊還有一杯是我的飲料
然後b店員就直接把第三杯飲料塞入剛剛那個塑膠袋裡拿給我

我：……有大一點的袋子嗎？
店員：ㄜ 有啦 但這是裝四杯的大袋子喔

照理來說點三杯都該給四入裝的袋子吧？！
還是貴店都是這樣塞飲料的？ 如果是大小袋子有價格差也可以說啊

整體購買經驗就覺得店員教育訓練非常不足，飲料雷的也印象深刻", 1 顆星 ,407,"珍珠,  茶,  紅茶,  水果, "
174,先自然-西門町門市-西門町外帶飲料店|特色茶飲|夏季飲品|,"大推青茶+鮮奶+小珍珠的組合！
會一直想續杯～
連續來兩天，珍珠紅茶拿鐵味道也不錯，水果茶類表現就稍嫌平淡", 5 顆星 ,409,"珍珠,  鮮奶,  茶,  紅茶,  水果, "
175,先自然-西門町門市-西門町外帶飲料店|特色茶飲|夏季飲品|,"初訪
之前同事推薦又幫買過幾次，相當不錯，去臺南也買過，這次到西門店試試看。
這次點甘蔗青茶（去冰）跟紅茶拿提（微糖、去冰），甘蔗青封膜有點狀況，回家發現邊緣漏了一些飲料，還好量沒有太多，清洗一下就好。
可以使用熊好券跟電子支付，發票可以存載具。", 4 顆星 ,410,"茶,  紅茶, "
176,先自然-西門町門市-西門町外帶飲料店|特色茶飲|夏季飲品|,南部茶北部價錢，還是比天龍國品牌的好喝, 4 顆星 ,413,"茶, "
177,先自然-西門町門市-西門町外帶飲料店|特色茶飲|夏季飲品|,"發票可以存載具，甘蔗鮮奶漸層很酷～
但鮮奶好像加很多水，漸層沒搖我有先吸了一口上面的鮮奶，鮮奶味道偏淡，搖勻後比例喝起來味道還行", 5 顆星 ,414,"鮮奶, "
178,先自然-西門町門市-西門町外帶飲料店|特色茶飲|夏季飲品|,"服務棒，有耐心
珍奶用雀巢奶粉【下次再來試】
今天喝茉莉綠茶+波霸【期待中】", 5 顆星 ,415,"波霸,  茶,  綠茶, "
179,先自然-西門町門市-西門町外帶飲料店|特色茶飲|夏季飲品|,"地圖給五星免費加料 星星都是騙人的🥲
紅茶半糖很澀 只能買回家自己加牛奶
甘蔗牛奶加珍珠不能調甜度 有點甜", 2 顆星 ,416,"珍珠,  茶,  紅茶, "
180,先自然-西門町門市-西門町外帶飲料店|特色茶飲|夏季飲品|,"甘蔗青茶，口感微甜帶出茶香
很好喝~
店員小姊不但漂亮又很客氣，大家可以來喝喝看唷", 5 顆星 ,417,"茶, "
181,先自然-西門町門市-西門町外帶飲料店|特色茶飲|夏季飲品|,"身為一個平常不喝梅子綠的人，大推梅子茉莉綠茶 微糖、芒果青 微糖 超讚👍 從市府店喝到西門店，只要哪裡有這間就會喝喝看，目前兩間的品質還算一致，但市府店茶味略濃一些(差異不大)。
西門店店員態度很客氣，整體來說可以在眾多飲料店中找到一間不太需要排隊，又高CP值的飲料店，真的大推！
btw, 奶類飲品朋友覺得略普, 高價精品茶 杉林溪、大禹嶺 熱的 也偏普, 台灣手摘茶、翠玉還不錯~", 5 顆星 ,418,"茶,  綠茶, "
182,梅子兔生活飲品專賣店(西門總店),"2022/01/27

店名好可愛。

今天點了oreo奶茶，oreo打碎後配上奶茶的口感滿對我胃口的，每吸一口都可以嚐到oreo的味道，喜歡～改天再喝喝看其他品項><

更：謝謝建議>< 不過我把它拿掉了，後來想說飲料店就先不用星星表格來評xd", 4 顆星 ,420,"oreo,  茶,  奶茶, "
183,梅子兔生活飲品專賣店(西門總店),"我點珍珠鮮奶茶，微糖微冰。
奶茶的部分有點太水，珍珠甜甜的，嚼勁適中。", 2 顆星 ,423,"珍珠,  鮮奶,  茶,  奶茶,  鮮奶茶, "
184,梅子兔生活飲品專賣店(西門總店),點了招牌的脆梅綠茶，原本的梅漿就太甜了，所以即使我點無糖還是很甜，既然甜度後面可以再加，是否梅漿的甜度低點會比較好, 3 顆星 ,424,"茶,  綠茶, "
185,梅子兔生活飲品專賣店(西門總店),Tina服務很好，人很熱情，洛神梅子，洛神跟梅子味道平均，個人喜歡酸酸的口感，奧利奧奶茶，奶味很重還有奧利奧餅乾碎片，超喜歡這個口感，梅子兔的飲料好喝唷❤️, 5 顆星 ,425,"茶,  奶茶, "
186,梅子兔生活飲品專賣店(西門總店),檸檬梅子無糖微冰真的好喝，够酸，但男店員比例調得比女店員好，所以我只會在男店員有上班的時候去買, 5 顆星 ,426,"檸檬, "
187,梅子兔生活飲品專賣店(西門總店),"連續六年台中每月上來台北逛街～
來到西門町出捷運就是先來喝杯無糖の綠茶～
逛街一晚有時會喝到3-6杯~
很顧品質的Man Boss 👍
5月本月壽星+開心", 5 顆星 ,427,"茶,  綠茶, "
188,梅子兔生活飲品專賣店(西門總店),全台灣最好喝的飲料店，加上服務態度親切，每天都要來一杯脆梅綠茶！建議大家可以喝這家 😍, 5 顆星 ,428,"茶,  綠茶, "
189,梅子兔生活飲品專賣店(西門總店),"雙Q蠻好喝的，oreo奶茶不錯。
但因為料比較甜一點，點微糖喝起來有點像全糖，下次會試試無糖！", 5 顆星 ,429,"oreo,  茶,  奶茶, "
190,梅子兔生活飲品專賣店(西門總店),"Oreo奶茶真的超好喝
峨眉停車場員工的專屬飲料店🤙🏻🤙🏻🤙🏻", 5 顆星 ,430,"茶,  奶茶, "
191,梅子兔生活飲品專賣店(西門總店),"峨眉停車場（近西門站6號出口）人氣茶飲，以脆梅綠（高達3顆）、Oreo奶茶、水蜜桃紅茶等特調聞名，創立於2006年，也曾是蘇打綠「他夏了夏天」MV的取景景點

優點：可行動支付、選擇多樣", 3 顆星 ,431,"茶,  紅茶,  奶茶, "
192,梅子兔生活飲品專賣店(西門總店),"老闆娘人超好
脆梅綠茶我喝過最好喝的
會一直回購跟集點
大推", 5 顆星 ,433,"茶,  綠茶, "
193,梅子兔生活飲品專賣店(西門總店),"原本想被熱薑茶來喝
結果薑茶沒有薑茶的味道
跟喝水差不多", 1 顆星 ,434,"茶, "
194,梅子兔生活飲品專賣店(西門總店),超好喝，脆梅綠茶推薦!!, 5 顆星 ,435,"茶,  綠茶, "
195,梅子兔生活飲品專賣店(西門總店),"oreo奶茶超好喝
可能是我比較喜歡吃oreo吧", 4 顆星 ,436,"oreo,  茶,  奶茶, "
196,梅子兔生活飲品專賣店(西門總店),"點了oreo加上珍珠，無糖。oreo本身有甜味，奶茶不會太過死甜～珍珠軟、但無味。
店員人蠻好的會幫你介紹～", 3 顆星 ,437,"珍珠,  oreo,  茶,  奶茶, "
197,梅子兔生活飲品專賣店(西門總店),"全台北最好喝的飲料
梅子冰茶
吃得出來是用上等醃漬梅子與陳年梅子醬
搭配清爽綠茶
這家的微糖是台灣全糖等級的
建議尤其是無糖微冰
口感最好
是台北西門町必喝的飲料之一", 5 顆星 ,438,"茶,  綠茶, "
198,功夫茶 KUNGFUTEA 西門町店,"🥄泰式榴槤莎莎 $99
評分：🌕🌕🌕🌕🌗
評論：我最愛的水果之一就是榴槤🤤所以有榴槤就先給過，他喝起來是冰沙的感覺，裡面有加一球香草冰淇淋&鮮奶完全大加分，榴槤味道也很濃郁不會很化學，重點是居然吃得到榴槤的果肉，別看他小小一杯，我喝完飽足感滿滿

-
以前就是功夫茶的愛好者，之前去都是點38奶霸，這次回歸的「泰式榴槤莎莎」真的太讓我驚艷了，本身就是榴槤愛好者的我真的愛不釋手，而且剛好在優惠期，肯定要買好買滿🤤，所以是榴槤控的要趕快把握機會去買喔！

-
❗️ 泰式榴槤莎莎、芝士榴槤莎莎原價120元，5月04日起優惠價1杯只要99元！
-
CP值：🌕🌕🌕🌕🌑
個人喜愛程度：🌕🌕🌕🌕🌗

追蹤IG:wilson_eating_diary鎖定更多美食", 5 顆星 ,440,"冰淇淋,  鮮奶,  茶,  水果, "
199,功夫茶 KUNGFUTEA 西門町店,"無糖茶控的愛店「功夫茶」
手搖飲料店的茶做無糖還能回甘很少見
尤其又是使用台灣茶葉泡製，必須支持👍
第二次喝他們家的茶
選擇「岩葉紅茶」「翠玉綠茶 」
超大瓶容量喝起來好爽口
最適合最近悶熱到不行的天氣
2瓶75元！健康無負擔

🔻🔻🔻優惠資訊，別錯過🔻🔻🔻
🥋線上點餐全台上線，加入會員馬上點餐！
首次訂購享有100元折價券
(或可至@kungfutea_tw主頁點選連結進入)

🥋「純茶大瓶裝系列」4/11～4/30
第二瓶半價、持瓶裝回購，現折15元！

📍 西門町：台北市萬華區中華路一段106號", 5 顆星 ,441,"茶,  紅茶,  綠茶, "
200,功夫茶 KUNGFUTEA 西門町店,"用折價洗評價，態度有夠差！

給因為之前朋友請客覺得好喝特地來買，結果照片中店員態度很差，在櫃檯站了超過一分鐘根本被當空氣！只在乎自己的外送訂單，問問題也愛回不回！
重點是買了加三個料的38奶霸，想要不加仙草居然不行！！只能不加珍珠或是蒟蒻！
這是什麼道理？

總之再也不會去啦！
大家不要被評價騙了！
店員不想工作可以辭職喔謝謝妳！", 1 顆星 ,442,"珍珠,  蒟蒻,  仙草, "
201,功夫茶 KUNGFUTEA 西門町店,看了Tozy的影片點的，是很清爽的飲料，但點微糖喝到後面會覺得胃有點酸，寒天的口感很好，還能喝到一些葡萄柚果肉, 4 顆星 ,443,"寒天, "
202,功夫茶 KUNGFUTEA 西門町店,"奶茶護照抽到的隨機飲料 榴槤莎莎
原價110有很小杯不會買
但抽到了真的很超值☺️
推薦榴槤愛好者可以試試看喔！！
加入了榴槤果肉 冰淇淋 牛奶去打成冰沙
又臭又香 讚讚😍😍😍", 5 顆星 ,444,"冰淇淋,  茶,  奶茶, "
203,功夫茶 KUNGFUTEA 西門町店,全家都超級愛喝的功夫茶，鐵觀音是現在市面上喝過手搖飲最有茶味的，喝了會上癮，真心不騙！, 5 顆星 ,445,"茶, "
204,功夫茶 KUNGFUTEA 西門町店,點了青茶加珍珠味道還可以，只是訂單很多等了大概20多分鐘，沒有到必喝的程度, 4 顆星 ,447,"珍珠,  茶, "
205,功夫茶 KUNGFUTEA 西門町店,"岩紅厚奶茶。微冰微蜜
甜味沒有覆蓋掉茶香味👍🏻

服務態度↙↙
回訪率: 100%", 5 顆星 ,449,"茶,  奶茶, "
206,功夫茶 KUNGFUTEA 西門町店,"累積點數不會主動詢問
要顧客自己報電話！
買過兩家功夫 都是不會主動詢問是否集點數
！這是缺點！
如果今天客人不是會員 應該要積極推廣才對啊😠😠😠

奶蓋鐵觀音 微糖微冰（大杯）
剛剛好的甜度！
他們家的奶蓋是起司味重的
鹹甜鹹甜 跟麥吉、再睡五分鐘的奶蓋不同
跟蕭敬騰家的是相同的奶蓋味道
自己本身超愛奶蓋
現在市場的奶蓋分別是
🧀️起司類（署名、功夫 、起司味道重，喝起來比較膩，但不會有假假的味道）
🥛生乳類（約翰家的奶蓋就沒有起司味道 喝起來很順口、麥吉、五分鐘 也都偏生乳味奶蓋）
🧁鮮奶油類（非常不推薦，很像在吃蛋糕上的奶油，廉價的奶蓋、比如五桐號 喝得出來奶油的味道😆就是星冰樂上面那坨奶油的味道，每次喝到這種奶蓋 真的喝不下去 一整天心情不美麗🙄️歇腳亭的奶蓋也有奶油的味道）

綠蓋 有生乳+起司 太久沒喝了
印象中跟再睡五分鐘差不多
反正是好喝的啦
還有麻古的奶蓋也不錯 ！", 4 顆星 ,451,"奶蓋,  奶蓋,  鮮奶, "
207,功夫茶 KUNGFUTEA 西門町店,紅豆粉粿鮮奶，很普，有點甜，吸管剛好是杯子的二倍長。, 2 顆星 ,452,"鮮奶, "
208,功夫茶 KUNGFUTEA 西門町店,38奶茶真的好喝，遇到28日中杯升級大杯, 5 顆星 ,453,"茶,  奶茶, "
209,功夫茶 KUNGFUTEA 西門町店,刷五顆星的理由是冰淇淋紅茶非常好喝，神推👍, 5 顆星 ,454,"冰淇淋,  茶,  紅茶, "
210,功夫茶 KUNGFUTEA 西門町店,伯爵紅茶拿鐵微冰微糖口味還不錯。, 4 顆星 ,455,"茶,  紅茶, "
211,功夫茶 KUNGFUTEA 西門町店,點了一杯38波霸 是不錯喝啦 但明明說少冰 冰塊量卻高達半杯是怎樣？？ 要省成本也不是這樣做的 這樣會讓消費者感受很差, 1 顆星 ,456,"波霸, "
212,功夫茶 KUNGFUTEA 西門町店,能調甜度可以說一下嗎，薑汁「純鮮奶」會讓人以為直接就是鮮奶沒有那麼甜，回到家開來喝一口就快被甜到吐出來…, 1 顆星 ,457,"鮮奶, "
213,龜記茗品-西門店,"今天晚上在此家龜記購買三杯飲料 分別是 龍眼紅烏 百香果紅水烏龍 以及龜記濃乳茶,但因為我本身沒買過龜記品牌的飲料,所以有特別詢問店員三種茶分別喝起來如何,結果這兩位店員很耐心地跟我解釋龍眼紅烏 百香果紅水烏龍 以及龜記濃乳茶的韻味以及茶葉產地等等,特別推薦我來點,帶走啜飲幾口後發現真的很順口,店員訴說的韻味也一一品嚐出來,感謝兩位店員讓我有如此好的喫茶體驗,龜記是個很好的品牌,請繼續加油。", 5 顆星 ,460,"茶, "
214,龜記茗品-西門店,"我很想問 你們的晚班店員7/28點餐收錢的那位怎麼了…那天我點了一杯紫葡蘆薈春。為什麼我們只是問一下甜度你的眼神就那麼厭世…問你可以刷載具嗎？你不想回我轉頭就去弄飲料😳我手機才剛要拿出來 不見人影😳發生什麼事嗎？😳為什麼已經選擇做服務業了連個最基本的（不好意思稍等一下）都說不出來😤 你們很忙 我們客人不是瞎了不知道好嗎？
我還想問 有蘆薈的飲料為什麼給的是小吸管….
飲料口感我不想評，因為很普通。
謝謝這位服務人員讓我第一次在龜記消費就這麼印象深刻。😤", 1 顆星 ,461,"蘆薈, "
215,龜記茗品-西門店,茶好喝（茶品5顆星星，服務3顆星星）！是白天的第一線人員較缺乏的關係，大夥兒都在忙外送的飲品，難免會有一些待慢現場要喝茶的客人，我個人是肯定這家茶飲店的品質，而且我住西門，等一等沒關係！只是如果服務人員說聲招呼語，請稍等一會兒，為您服務即可，但有的服務人員似乎視客人而不見，明明就在櫃台，轉身就不理會客人，客人會覺得莫名奇妙，觀感不佳，我是沒差~因為我在南西店已經喝過了，所以喝好茶多等等，值得！只是有些客人不願被視而不見或觀感不佳而離開，有點可惜~否則要客人等一下，客人大部份都會接受，這是我的建議！由於調配的實在太好喝了，非常適合我的口味和需求，因此晚上吃過晚飯又跑去買了一杯一模一樣的蜂蜜四季春（去冰正常），晚上服務人員較充足，照顧到現場和外送的客人，目前白天班也在應徵新員工，所以白天要喝好茶就等一下吧！我喝過最好喝的蜂蜜四季春，無可挑剔！今天5/11（2021年）星期二我太喜歡喝蜂蜜四季春，又點了一模一樣的飲品，今天上班的員工不同前幾天，我寄望飲品一樣有5顆星星品質的，結果真的讓人失望~茶質煮的有點澀之外，蜂蜜加的不夠到位，原來同樣的材料碰上了不一樣的人，就產生不同的變化與反應，唉！可惜~昨天也點了柳丁翡翠，雖然在水準內，但不同的人搖茶或煮茶，效果的產生也隨之起了細微變化，難怪有些人的生意很好，有些人的生意就沒有很好，所以不要只會羨慕別人生意興隆，別人怎麼用心經營做事才是自己該學習探討的地方，因為魔鬼藏在細節裡~~~, 5 顆星 ,463,"茶, "
216,龜記茗品-西門店,"翡翠綠無糖 很澀 真·難喝 別說因為無糖
回到家拿出前天放在冰箱 肯德基的綠茶還沒那麼難喝🥲", 1 顆星 ,466,"茶,  綠茶, "
217,龜記茗品-西門店,覺得有點貴，不過還好算好喝，店員非常忙，所以態度沒有很好，但是是可以接受範圍（國慶雙倍薪水多忍耐啊！），濃乳茶要75有點貴啊。, 4 顆星 ,467,"茶, "
218,龜記茗品-西門店,"點了
紫葡蘆薈春💰69
老欉鐵觀音💰35
+椰果💰10
鐵觀音的味道很香很好入口不會太澀
紫葡蘆薈春整杯滿滿蘆薈🤣
甜度最低只能點一分糖，不會太甜
意外好喝", 4 顆星 ,471,"椰果,  蘆薈, "
219,龜記茗品-西門店,這家店的柳丁翡翠是我近一年，喝遍雙北市所有龜記最沒味道的一家店，柳丁沒有柳丁味，茶沒有茶味，建議店家針對品質要改善，沒有一家店的龜記柳丁翡翠會是這樣的味道, 1 顆星 ,472,"茶, "
220,龜記茗品-西門店,"龜記濃乳茶好喝
使用鮮乳坊的鮮奶就很推", 5 顆星 ,475,"鮮奶,  茶, "
221,迷客夏 臺北西門町店,"昨晚8/8叫了總共19+1杯(1為後來第二次打電話過去的）飲料，8/9早上需送到，8/8當晚原本只叫19杯（含豆漿）發現少叫一杯珍珠紅茶拿鐵，後來再打電話，可能因為太忙叫我5分鐘後打去，後來打去補一杯珍珠紅茶拿鐵，店員也確實重新復誦，結果今天早上8/9送到還是少一杯⋯珍珠紅茶拿鐵，此外之前常常在店裡點的青檸香茶，這次微糖今天喝像半糖超級甜，希望店員可以稍微注意一下～

（更新）
感謝店主積極打電話來釐清，主要可能是21:30後的那通電話叫得多一杯，店員沒有寫在上頭交接好給早班員工，因此不曉得總共是20杯而非圖片上的19杯（含豆漿）", 3 顆星 ,480,"珍珠,  茶,  紅茶, "
222,迷客夏 臺北西門町店,"是叫外送的 送來博愛路公司
總共5杯  我今天叫的是手感芋圓芋泥鮮奶
貼的標籤也是寫這樣 但裡面裝的卻是芋圓鮮奶
完全沒有芋泥
雖然兩杯價錢只差5元
但這個品項都這樣貴了 75元還是中杯
沒喝到芋泥是真的蠻令人失望的", 2 顆星 ,481,"鮮奶,  芋泥, "
223,迷客夏 臺北西門町店,我很常喝迷克夏，但這家飲料做好擺著也不報號，等十多分鐘問了才說忘了講，這就算了。我點了微冰微糖，但這冰塊量會不會太扯，全部喝完還有半杯的冰塊，要考慮改賣純水冰茶嗎？, 1 顆星 ,484,"茶, "
224,迷客夏 臺北西門町店,"喝這麼多次都很喜歡 結果今天想說買新品來喝喝看 想說有茶凍才點的
結果喝的時候完全沒吃到 以為自己搞錯
但看到他給我是粗的吸管 就爬文確認一下
因為是離開一段時間才喝 想說算了 就不折返回去退了 希望下次能夠再多多注意😓", 2 顆星 ,485,"茶, "
225,迷客夏 臺北西門町店,"青檸香茶根本沒在搖 只是做做樣子搖幾下就出餐
櫃檯點餐的人員告知要等40分鐘 我也覺得ok
結果不到15分鐘就出餐3杯青檸香茶，還中間有幾分鐘時間沒人在搖茶（只有一個人搖）

搖出來的品質根本沒有香氣
一顆星都不想給", 1 顆星 ,487,"茶, "
226,迷客夏 臺北西門町店,"青檸香茶很好喝 但店員搖得很辛苦 謝謝你們🥹
如果賣完了 其實柳丁青茶也很好喝👍", 5 顆星 ,489,"茶, "
227,迷客夏 臺北西門町店,"青檸香茶每次去都賣完了
不知道是真的賣完還是不想搖", 2 顆星 ,490,"茶, "
228,迷客夏 臺北西門町店,店員服務態度很好，只是無糖娜杯紅茶拿鐵怎麼這麼難喝，平淡無奇完全沒味道耶跟我之前喝的完全不一樣, 2 顆星 ,495,"茶,  紅茶, "
229,迷客夏 臺北西門町店,"等了好久問店員才知道飲料已經做好在桌上…
2021更新：原來我買的鮮奶系列有加茶…", 1 顆星 ,499,"鮮奶,  茶, "
230,鮮果茶坊,"超級貴又小杯，茶有怪味。
仗著自己店面位置好來來騙觀光客的", 1 顆星 ,500,"茶, "
231,鮮果茶坊,因為想買一杯紅茶解渴並剛好經過這家，試喝的高山琥珀大吉嶺有股藥水味，然後我們點的紅茶雖然特價20元但是預設是小杯的而且也不怎麼好喝，店員態度不怎麼想而且點完了還在聊天不知道倒一杯紅茶是在拖什麼，差評, 1 顆星 ,501,"茶,  紅茶, "
232,鮮果茶坊,大地雷，買了烏龍茶跟木瓜牛奶，貴又難喝，隔壁雞排店給折價卷根本在害人, 1 顆星 ,506,"茶,  烏龍茶, "
233,鮮果茶坊,"雷爆了！因為隔壁豪大雞排結帳後給了一張折價券才注意到前面有這家飲料攤。周邊什麼飲料的介紹都大，就是沒有看到價錢。想說高山琥珀大吉嶺頂多30而已吧！結果有折價了還要60！容量也只有500cc,要不是因為很渴不然真的很想說不要了。
事實證明，連買個便利商店的東西都比這家好喝。
茶有很奇怪的香精味，喝了幾口就再也忍受不了倒了！
仗著地理位置好，根本騙觀光客錢的！給一星還嫌太多", 1 顆星 ,508,"茶, "
234,鮮果茶坊,"小小杯的果茶要65 味道還可以
其中的5塊是他自己多加莓果的... 他問我們 我們也沒說好 自己擅自加 傻眼
要不是有折價券 根本不會買
下次不會再去了ˊˋ", 1 顆星 ,510,"茶, "
235,鮮果茶坊,"請注意價錢（上面的牌子打一個特價20元）沒注意價錢的後果就是兩杯茶120元唷！
滿小一杯，咖啡即飲杯的大小....還好茶味還算喝的出來（大馬士鮮綠茶）", 1 顆星 ,511,"茶,  綠茶, "
236,鮮果茶坊,"難喝又貴 永續經營的概念到底懂不懂？
垃圾店家，專門騙觀光客的錢。
500cc的垃圾茶居然要65元", 1 顆星 ,512,"茶, "
237,鮮果茶坊,點了一杯珍奶，喝了一口爆甜的，請店家加茶稀釋一下一臉不願意，就算加了根本一樣甜，直接放櫃台走人，為什麼沒有零顆星呢！, 1 顆星 ,513,"茶, "
238,鮮果茶坊,用柚子醬泡的柚子茶居然要70！而且才中杯中杯中杯中杯中杯中杯中杯！！！！柚子果皮給多一些說要加15，完全是………母湯的店, 1 顆星 ,514,"茶, "
239,鮮果茶坊,"檸檬紅茶有毒，喝完喉嚨超級痛，而且感覺卡卡的，➕一堆冰塊還裝做賣的很便宜，ㄧ小杯而已，西門的東西真的都不能相信，根本來坑觀光客的錢！！！
不味い！本当に不味い
冰沙最貴，超小杯，請問冰塊是進口的嗎？", 1 顆星 ,518,"茶,  紅茶,  檸檬, "
240,茶鬍Beard Cup 中正漢口店,點了四季春茶，35元還蠻大杯的，茶味淡淡的，還好，普通，不會難喝就一般茶的水準。, 3 顆星 ,520,"茶, "
241,茶鬍Beard Cup 中正漢口店,"連續2天都喝這間～
今天自己跑去買
店員服務態度很讚耶👍
而且飲料出餐速度也很快
昨天喝伯爵鮮奶茶+珍珠
今天喝鐵觀音鮮奶茶+珍珠
不誇張...都好好喝🤤
點無糖搭配珍珠的甜味整個超剛好
茶味也超級香～
飲料價位也很合理
Menu整體視覺效果也很讚
(中正區滿150即可外送 超佛👍
優質好店必須推廣！！！", 5 顆星 ,521,"珍珠,  鮮奶,  茶,  奶茶,  鮮奶茶, "
242,茶鬍Beard Cup 中正漢口店,"2020.07.27 = ★★★★☆
◉推薦：珍珠奶茶。
◉半糖奶茶奶精味不重，無澀感；粉圓不過分Q，有煮透。
◉手搖飲料店利潤頗高，45元一杯大杯還不錯的珍奶，很棒了。😆
＝＝＝＝＝＝＝＝＝＝＝＝＝＝＝＝＝＝＝＝＝

吃完【城中老牌牛肉拉麵大王】，重口味，難免想找點甜品來解點油膩。路過看到這間比較少見的【茶鬍Beard Cup】，外部裝潢很文青，可以。一直陸續有客人購買。看了一下價目，定價算是合理。曾幾何時，50嵐的50元珍奶從高價變成低價，看到大杯只要45元的珍奶，就想嘗試看看。😁

☑珍珠奶茶.L(45元) = 點了半糖，少冰。吸了一口，奶茶味道算是小清新風，奶精味道不重，茶味細緻，不澀口，算是喝起來較無負擔的口感。珍珠粉圓的部分，煮的不過分Q，粉圓裡面偏軟，有煮透有甜度，整體上算是不差，4.5分。", 4 顆星 ,524,"珍珠,  粉圓,  茶,  奶茶, "
243,茶鬍Beard Cup 中正漢口店,店員動作很慢，點珍珠鮮奶茶$65 結果品項上顯示珍珠鮮奶$70，多收我五塊錢，點三分糖，喝起來根本無糖。, 1 顆星 ,526,"珍珠,  鮮奶,  茶,  奶茶,  鮮奶茶, "
244,茶鬍Beard Cup 中正漢口店,茶飲好喝，兩位戴黑框眼鏡男女態度不佳，點單沒耐性且一直重複詢問，問事情一問三不知，且口氣不耐煩，重點是，還沒開發票，很不ok的購買經驗，麻煩請加強店員教育訓練，謝謝, 2 顆星 ,527,"茶, "
245,茶鬍Beard Cup 中正漢口店,"桂花烏龍茶
桂花很香", 4 顆星 ,529,"茶,  烏龍茶, "
246,茶鬍Beard Cup 中正漢口店,桂花烏龍茶，有淡淡桂花香，微糖喝起來順口不澀，推薦！ 經過都會來一杯！, 4 顆星 ,531,"茶,  烏龍茶, "
247,茶鬍Beard Cup 中正漢口店,之前喝過幾次都算滿意，今天第一次碰到這個店員，我點西瓜冰茶，還做重複確認，你不會做就問清楚（我有看到你在找人），不要亂做一杯不是我要的西瓜四季？冰茶給我！想喝甜的結果整杯都是檸檬酸，到底在幹嘛啊？, 1 顆星 ,532,"茶,  檸檬, "
248,茶鬍Beard Cup 中正漢口店,金桔檸檬微糖就是超級酸的檸檬水, 1 顆星 ,534,"檸檬, "
249,茶鬍Beard Cup 中正漢口店,一杯65 沒茶味也沒奶味，糖漿還沒攪均勻 店員態度還不太好, 2 顆星 ,536,"茶, "
250,茶鬍Beard Cup 中正漢口店,目前喝過最喜歡的桂花烏龍～花香清揚，茶味醇順不澀，無糖也很好喝！加鮮奶也很棒, 5 顆星 ,539,"鮮奶,  茶, "
251,50嵐 西寧店,"我點大杯的波霸奶茶
結果喝了咬到椰果、小珍珠？？？
大珍珠如果不夠至少先告知吧？
直接做給顧客？有沒有搞錯啊", 1 顆星 ,540,"珍珠,  椰果,  波霸,  茶,  奶茶, "
252,50嵐 西寧店,"點珍珠奶茶喝到口感很像紅豆的東西然後覺得怪怪的拿出來看
結果是完整的蒼蠅 我整個丟掉 還沒喝3/4
當下很氣但有事就算了
看到群組有在發食安的新聞就回來評論了", 1 顆星 ,541,"珍珠,  茶,  奶茶, "
253,50嵐 西寧店,"服務態度👍混珠奶茶真的很讚🤤茶味十足
滿意🤩", 5 顆星 ,542,"茶,  奶茶, "
254,50嵐 西寧店,"幾乎每天都喝50嵐波霸奶茶  😂😂
店員們都好貼心喔    會隨天氣變化問我今天要喝溫的嗎
如果沒貼心詢問我會忘記今天想喝溫的

跳跳婷婷法法服務態度真的很棒都很貼心❤️❤️", 5 顆星 ,545,"波霸,  茶,  奶茶, "
255,50嵐 西寧店,"每次下課到西門如果想喝飲料的話這家是我的首選！
因為店員的服務都很不錯☺️☺️
最喜歡喝的是冰淇淋紅茶讚讚", 5 顆星 ,549,"冰淇淋,  茶,  紅茶, "
256,50嵐 西寧店,西寧店的店員 態度親切 泡茶神速 尤其是小哥哥 手速一百分 可愛的弟弟, 5 顆星 ,558,"茶, "
257,50嵐 西寧店,"只有一個搖茶手，動作非常慢
然後一個叫跳跳的又很嗆", 1 顆星 ,559,"茶, "
258,侍茶匠 西門總店,"鐵觀音豆乳奶蓋跟古法黑糖紅茶拿鐵
都推推😍這兩品項都有黃金比例不可調
1/ 豆乳奶蓋下面要記得要攪一攪
不然會有點甜～基本上喝完覺得清爽！
想喝的話可以先打電話問問看有沒有❤️
2/ 紅茶拿鐵有一種特別懷念感，個人滿喜歡大麥和決明子的味道，喝起來特別順口", 5 顆星 ,560,"奶蓋,  奶蓋,  茶,  紅茶, "
259,侍茶匠 西門總店,"營業時間不多但品質不錯的店。
假日都沒開，好不容易平日下班過來買，飲料出乎意料的比其他家都濃，豆奶奶蓋蠻特殊的是第一次喝到，視覺跟味覺的享受都很滿足，來幾次都是兩個男生幫忙製作飲料，兩個人的外型蠻像的😂 雖說沒有熱情但感覺蠻細心的，店內給人的感覺也很乾淨，保持得很好，品質也是少數奶茶護照質感比較好的店，很推～", 4 顆星 ,561,"奶蓋,  奶蓋,  茶,  奶茶, "
260,侍茶匠 西門總店,豆乳奶蓋專賣店而且杯杯現萃，每款原茶都是兩種以上的茶葉或花瓣拼配而成，風味十分特別，別的地方喝不到, 5 顆星 ,562,"奶蓋,  奶蓋,  茶, "
261,侍茶匠 西門總店,"買了穗波紅茶豆乳＋抹茶凍(無糖去微冰)跟格雷伯爵拿鐵＋原味寒天晶球(無糖去冰)~雖然親切的店員妹妹把格雷伯爵拿鐵作成微糖，但還是很好喝，兩款茶都超喜歡，抹茶凍跟寒天晶球也超讚，近期會想再去試試其他品項，因為自己帶杯子(可以折5元)，所以沒拍成品照，私心希望侍茶匠能像其他茶飲店家一樣標示糖量跟熱量供消費者參考~
－
二訪~ 點了格雷伯爵豆乳奶蓋(微糖去冰＋焙茶凍)，本來想點抹茶凍，可惜沒貨了😔真的超喜歡抹茶凍，焙茶凍的茶香也還不錯，還有店員似乎把冰量做錯了，冰塊量比上次點微冰還多!!! 雖然不影響味道還是很好喝，豆乳奶蓋真的很推，已經再想下一次要喝什麼了😆", 5 顆星 ,563,"奶蓋,  奶蓋,  寒天,  茶,  紅茶, "
262,侍茶匠 西門總店,"趁著奶茶節來嚐鮮～
原本滿期待鐵觀音豆乳奶蓋
但因為沒有豆乳就換成牛奶
茶裡面是有茶包的～
茶香味滿足夠的也不會太過苦澀👌", 4 顆星 ,564,"奶蓋,  奶蓋,  茶,  奶茶, "
263,侍茶匠 西門總店,"豆乳奶蓋順滑濃郁不會甜膩 散發自然淡雅的豆乳香
這邊的茶現點現萃 用漩茶機把熱水滲透進茶葉", 5 顆星 ,565,"奶蓋,  奶蓋,  茶, "
264,侍茶匠 西門總店,"新開幕的飲料店✨環境明亮整齊！
今天點了一杯焙茶拿鐵！甜度只有無糖跟有糖2種選擇！冰塊固定！只有中杯！
個人覺得喝起來茶味很香 但即便正常甜還是沒什麼甜味！跟店員反應後 他們也很熱心的幫我再加一點糖🥹
結果真的好喝很多～🫶🏻
下次想再嘗試豆乳奶蓋系列！", 5 顆星 ,566,"奶蓋,  奶蓋,  茶, "
265,侍茶匠 西門總店,"點了茶王拿鐵
可以做完全去冰及一分糖很讚
飲料篇茶味重（牛奶陪襯所以感覺比較水）
-
店面小巧乾淨，旁邊有站立位置有插座可以充電，櫃檯也可以租行動充電。", 4 顆星 ,567,"茶, "
266,侍茶匠 西門總店,"購買時告知等候時間15分
實際取餐時間40分
導致的原因很多
觀察下來最主要是豆乳奶蓋備料不足
導致買一送一的餐點供不應求
希望下次有活動可以備料充足些
另外奶蓋蓋子原本是透明的
但店員說很難裝
立刻改用封膜機
結果奶蓋在提袋裡面就撐爆封膜了
露出來的幾絲白色乳狀
沾到提袋邊緣也頗像人生的不如意
我想這就是生活吧！是吧！😎", 2 顆星 ,568,"奶蓋,  奶蓋, "
267,侍茶匠 西門總店,點了奶蓋，蓋子上的塞子沒辦法完全蓋上，帶回家的途中彈開飲料沿路撒出來，最後連杯蓋也彈開，撒的更誇張，一杯75元的飲料剩下約莫半杯，飲料是好喝的，但整個感覺很糟呀, 2 顆星 ,569,"奶蓋,  奶蓋, "
268,侍茶匠 西門總店,"鐵觀音豆乳奶蓋還可以
喜歡豆漿的應該會愛

茶王拿鐵
古法黑糖紅茶拿鐵
珍珠伯爵拿鐵

以上三杯都沒有很好喝
點微糖可是蠻甜的
茶味不濃奶味也不濃
像在喝甜甜的水⋯", 2 顆星 ,570,"珍珠,  奶蓋,  奶蓋,  茶,  紅茶, "
269,侍茶匠 西門總店,"第一次買
服務態度很好
而且有抹茶凍、焙茶凍", 5 顆星 ,572,"茶, "
270,侍茶匠 西門總店,"奶蓋有豆乳香 很好喝 🤩🤩
試營運期間還可以折10元~", 5 顆星 ,574,"奶蓋,  奶蓋, "
271,侍茶匠 西門總店,黑糖穗波紅茶拿鐵甜度不能調整，個人覺得有點太甜了, 4 顆星 ,575,"茶,  紅茶, "
272,侍茶匠 西門總店,"茶很香不苦澀，味道很鮮明
茶凍兩種都不錯，珍珠口感蠻特別的
豆乳奶蓋喝起來有種中華豆花的味道，對我來說沒有特別喜歡，不過會回購純茶跟拿鐵～", 4 顆星 ,576,"珍珠,  奶蓋,  奶蓋,  茶, "
273,侍茶匠 西門總店,"外帶兩杯伯爵紅茶裝在1500cc的自帶杯裡，不知是我對size的認知期盼有落差以及可能是linepay付款就沒杯扣的關係，回家測兩杯加起來的量是1000cc，價格80元。

可能是伯爵紅茶的size一杯就只有500CC，用linepay付款沒自帶杯杯扣吧。

伯爵紅茶今天點半糖少冰，香氣和澀度、甜度方向個人覺得不錯，但一杯500cc, 40元在CP上我有感受的落差。", 4 顆星 ,577,"茶,  紅茶, "
274,侍茶匠 西門總店,豆奶原來是濃豆漿，奶蓋也是用豆奶做的，很特別，門面裝潢小清新風格, 5 顆星 ,578,"奶蓋,  奶蓋, "
275,侍茶匠 西門總店,"路過的時候注意到
店面的天花板蠻有特色的
於是決定買杯飲料欣賞一下
結果飲料茶他媽好喝啊！👄👅🫦
————
比起同樣價位的飲料
侍茶匠喝起來頗有特色的
喝下去第一口就會有那種
嗯～的感覺捏☺️", 5 顆星 ,579,"茶, "
276,茗時序西門店,"靜岡抹茶綠了__第一次喝 純抹茶不加奶
無糖還不太會澀
厲害！
好喝

靜岡抹茶拿鐵__去冰1分糖
尾韻茶味夠，但下次還是微糖好了😅
喝到最後抹茶味太過了！", 5 顆星 ,580,"茶, "
277,茗時序西門店,百花蜜紅茶店無糖還是非常甜，芒果氣泡金（芒果塊+氣泡水+金萱）味道很不搭。不推薦。, 2 顆星 ,581,"茶,  紅茶, "
278,茗時序西門店,常常購買，今天買奶茶免費加小芋圓，小小建議：小芋圓蠻硬的！整體很ok！, 5 顆星 ,582,"茶,  奶茶, "
279,茗時序西門店,柳丁鮮茶味道蠻特別又清爽，比起一般柳丁清/綠少了澀感，雖然個人沒那麼喜歡彈珠汽水的甜味，但這款依然是個很有特色的選擇。金萱鮮奶茶，茶不澀、奶味雖然不是濃厚路線，但和茶的比例很協調，喝起來淡淡香氣又順！烏龍鮮奶茶茶味較淡點，珍珠偏軟，個人更喜歡金萱～, 4 顆星 ,583,"珍珠,  鮮奶,  茶,  奶茶,  鮮奶茶, "
280,茗時序西門店,想喝紅豆或綠豆鮮奶，附近飲料店好像只有這間有，蠻好喝的，真是太棒了！, 5 顆星 ,584,"鮮奶, "
281,茗時序西門店,"靜崗抹茶ㄋㄟㄋㄟ，少冰半糖
冰塊只有少冰跟冰擇一
奶蓋偏清爽，不會膩口，鹹度較低
抹茶味很香加鮮奶（鮮乳坊）很對味
珍珠有著黑糖香，偏軟口感帶著黑糖甜
芋頭地瓜圓有著QQ口感
偏甜跟珍珠口感大不同
整杯有三種風味，攪拌後又是另一種風味
可以點無糖，因為配料都有甜😄不過$80單價偏高，但比許多咖啡館的好喝，而且口感很好，喜歡咬咬系列的我，蠻喜歡的
蔗香黑糖珍珠奶茶$50
奶茶算好喝的，搭配黑糖香Q軟的珍珠
蠻不錯的，可以無糖因為好甜！
下次在來試一試招牌跟金萱", 5 顆星 ,585,"珍珠,  奶蓋,  奶蓋,  鮮奶,  茶,  奶茶, "
282,茗時序西門店,茗時序茶飲在西門町營業超過7年，茶葉都是自己茶廠自行契作並使用百分百的天然水果，而糖水皆使用天然台糖二砂自家熬煮製作，非常注重原物料品質，在飲品研發上更是力求突破，從菜單上擁有多款特色飲料就不難看得出店家十分用心，炎炎夏日就來茗時序消暑一下吧!, 5 顆星 ,586,"茶,  水果, "
283,茗時序西門店,太扯了！點無糖金萱，喝一口裡面居然裝冬瓜茶！直接被貴店吃掉10元！飲料成本也不高有必要這樣坑嗎？一星都不想給, 1 顆星 ,587,"茶, "
284,茗時序西門店,點了一杯鮮奶公芋，第一口吸到芋頭卡在吸管孔，逆吹排除阻塞後，再找尋其它料再次吸取，喝到沙沙的芋頭混合在奶茶之中，感到是很有誠意的一杯飲料，再次搜尋底部的芋圓，偏軟的芋圓裡有芋頭的觸角挑逗我的舌頭，其實我不太清楚裡面有什麼料，但喜歡吃有料的飲料的我感到滿足。, 5 顆星 ,588,"鮮奶,  茶,  奶茶, "
285,茗時序西門店,"靜岡抹茶ㄋㄟㄋㄟ大推！
有兩種珍珠口感加倍抹茶香氣跟奶香搭配完美整體不會太甜但頂層奶霜偏甜然後一杯80有點小貴不過還是值得嘗試喲", 5 顆星 ,589,"珍珠,  茶, "
286,茗時序西門店,"第一次喝 點了招牌抹茶ㄋㄟㄋㄟ
微糖少冰很好喝
奶蓋跟珍珠也好吃
唯一悲劇就是芋圓像冰過的硬心口感
我看業主會回應訊息特地上來提醒一下
不然整體是真的好喝就差在芋圓很可惜
還是給個五星鼓勵一下～", 5 顆星 ,590,"珍珠,  奶蓋,  奶蓋,  茶, "
287,茗時序西門店,靜岡抹茶奶 整體還算不錯 不過珍珠略甜偏軟 比較不是我喜歡的類型 點無糖就可以囉！ 奶蓋不錯 鹹度適中, 4 顆星 ,591,"珍珠,  奶蓋,  奶蓋,  茶, "
288,茗時序西門店,"金萱鮮奶茶跟水一樣很難喝還要$70
不推薦", 1 顆星 ,592,"鮮奶,  茶,  奶茶,  鮮奶茶, "
289,茗時序西門店,"店面不太顯眼，但喝過無數間奶蓋的我完全被驚艷到，好吃到不行🥰超對味
-
5/24更新
在門口站了十分鐘都沒有人
大喊也沒人出來 後來放棄直接走了
在裡面休息也沒關係
但至少買個服務鈴之類的提醒自己吧", 3 顆星 ,593,"奶蓋,  奶蓋, "
290,茗時序西門店,有點貴的飲料，芋圓吃起來會有點粉粉的，但飲料喝起來是清爽的，酸酸的草莓加鹹甜的奶泡跟抹茶，非常清爽好喝！, 3 顆星 ,595,"茶, "
291,茗時序西門店,"補充回覆:

謝謝回覆~這個點法在很多飲料店都點過，其他間都沒有這個問題，所謂的非常水是跟其他間店比較起來的結果。
另有之前點過飲料的友人也有表示，這次他點相同的茶喝起來的確比上次還水，或許這間店品質不太穩定，大家可以參考。
--
點了綠茶鮮奶茶，不管茶味還是奶味都幾乎沒有，整杯非常水", 2 顆星 ,597,"鮮奶,  茶,  綠茶,  奶茶,  鮮奶茶, "
292,馬祖新村 台北西門町店,"芋圓鮮奶 很好喝
很香也不會太甜
紅豆餅內餡也不錯
但如果是現做 不是加熱的會更好", 4 顆星 ,601,"鮮奶, "
293,馬祖新村 台北西門町店,"十里桂花清很香很好喝（但一杯要價$70），添加荔枝凍（$10）增加口感，吃起來很像荔枝果凍，是有點偏甜的。個人還是比較喜歡單喝，但價格會有點勸退。

不過這間店額外有販售車輪餅，還有套餐組合可以選購，如果想吃簡單的下午茶，這裡不失為一個好的選擇。", 4 顆星 ,602,"茶, "
294,馬祖新村 台北西門町店,服務人員服務很好 現做會要等比較久 但吃的現做熱熱的才好吃😋 旁邊有椅子可以坐覺得還不錯 鹹蛋的部分我覺得還好 沒有到很有味道 之前買過小芋圓芋泥的 很好吃！, 5 顆星 ,603,"芋泥, "
295,馬祖新村 台北西門町店,"套餐不錯👍
芋圓1號好喝，黑糖波霸奶油車輪餅好吃😋
評論送一杯手搖茶👍", 5 顆星 ,604,"波霸,  茶, "
296,馬祖新村 台北西門町店,"▪️仙草奶凍（鮮奶） 65元
就是仙草鮮奶～仙草算是嫩的，糖冰固定，甜度適中。
突然想喝仙草奶凍沒想到馬祖新村就有～❤️", 4 顆星 ,605,"仙草,  鮮奶, "
297,馬祖新村 台北西門町店,"去冰微糖
荔枝紅茶，就是紅茶味
小農鮮奶茶，喝水健康

（菜單推薦半糖，請照著點半糖！

服務態度↙↙
回訪率: 有緣再相遇", 3 顆星 ,606,"鮮奶,  茶,  紅茶,  奶茶,  鮮奶茶, "
298,馬祖新村 台北西門町店,"晚上滿心期待的買了紅柚四季春，因為一次買四杯飲料，裝袋時也沒特地再確認，結果回家準備喝時...發現紅柚呢？它去哪裡了？...只能喝著四季春想著我的紅柚，請問...你累了嗎...還收紅柚四季春的價錢...

補充...荔枝紅茶好喝，推！！", 3 顆星 ,607,"茶,  紅茶, "
299,馬祖新村 台北西門町店,"小孩想吃車輪餅,Google地圖找到了附近的這一家，沒想到小孩手殘竟然連一口都沒有吃到，整塊車輪餅就掉到地上😭好心的店員看到這一螢幕，不捨小孩難過於是再送了一顆給他，真的是謝謝好心的店員，不評五星真是說不過去啊！
另外，打卡就送金萱烏龍茶！不錯呦^_^", 5 顆星 ,608,"茶,  烏龍茶, "
300,馬祖新村 台北西門町店,"2022/03/04

之前經過都沒買，這次被朋友慫恿來買。

點了荔枝紅一號微糖去冰，紅茶本身不甜，微糖與荔枝凍的甜度剛好，淡淡的荔枝香跟紅茶滿搭。", 4 顆星 ,609,"茶,  紅茶, "
301,馬祖新村 台北西門町店,服務人員服務親切給個讚！車輪餅顆顆都爆漿，真的是真材實料，仙草奶凍不太甜，仙草嫩，喝起來非常順口, 5 顆星 ,614,"仙草, "
302,馬祖新村 台北西門町店,"牛奶糖跟古早味奶油，皮薄內餡多，大推。👍
仙草系列超好喝，很Q彈滑順，可惜只有中杯，喝不過癮，希望有朝一日能出大杯，一次喝得夠！", 5 顆星 ,617,"仙草, "
303,馬祖新村 台北西門町店,馬祖一日遊👍鮮奶類的飲料健康還很好喝，車輪餅也是水準之上！趕快來光顧一下！！！, 5 顆星 ,618,"鮮奶, "
304,樂法 Le Phare - 西門店,"追記228回訪

冬季臺北難得晴朗，連假最後一天，飲料店門市仍然忙碌，
回訪用中信優惠購買草莓寒天奶蓋2杯，店員主動認出我，說數周前沒加到寒天很抱歉
我覺得這樣的用心，值得再次評價，謝謝你們

好喝美味的草莓奶蓋，寒天軟硬適中很有口感
開喝囉！", 5 顆星 ,620,"奶蓋,  奶蓋,  寒天, "
305,樂法 Le Phare - 西門店,趕在電影播映前隨便點了一杯草莓寒天奶蓋青一分糖，出乎意料地好喝，也不會太甜，以後到真善美看片都想來點一杯😂, 4 顆星 ,625,"奶蓋,  奶蓋,  寒天, "
306,樂法 Le Phare - 西門店,"店員很熱情喔❤️飲料好好喝～
然後現在加入line會員有超多優惠的啦讚讚讚！用三倍券也有優惠～(((o(*ﾟ▽ﾟ*)o)))
😍😍😍推薦這家的》葡萄桑椹奶蓋歐蕾《超級好喝買尬！像是冰沙的口感（無糖）喝起來清爽又健康！然後裡面還有一茶凍之類的東西很順口，奶蓋也很濃密，拍照也很好看！大推喔
💰用line pay money支付可以有6%回饋！（到九月的活動）", 5 顆星 ,627,"奶蓋,  奶蓋,  茶, "
307,樂法 Le Phare - 西門店,春日天氣好，週六晚上西門的人爆炸多，謝謝你們的四季寒天珍波椰，真的很好喝，配料嚼勁超讚！也感恩店員的親切服務！：）, 5 顆星 ,628,"寒天, "
308,樂法 Le Phare - 西門店,茶蠻好喝~但是每次不是莫名被拒單，就是點好了客服打電話來說什麼物料沒貨，請我們重新下單，然後下單又非常難下，就是會一直拒單啊！都不知道是什麼問題……物料沒貨都沒有即時更新app，一次可以說來不及，但每次都是這樣，應該是店家你們的問題了吧…我知道有些飲料店去冰會不幫客人裝滿，可以理解，但你們沒有去冰選項時，為什麼上層一堆泡沫了還可以沒裝滿，這樣會不會有點過份了……, 2 顆星 ,629,"茶, "
309,樂法 Le Phare - 西門店,"點了芭樂檸檬綠茶
原先想試試無糖
幸好店員推薦七分糖或是全糖
並解釋因為是添加檸檬原汁若是點無糖或微糖可能會很酸
聽了店員建議之後改七分糖
果然真的超好喝
很謝謝這位店員的貼心建議！", 5 顆星 ,632,"茶,  綠茶,  檸檬, "
310,樂法 Le Phare - 西門店,附近客人蠻多的 要等一段時間 草莓鮮奶微糖喝第一口不會太甜 它的糖霜讓很甜 喝起來有不同層次感, 4 顆星 ,633,"鮮奶, "
311,樂法 Le Phare - 西門店,鮮露奶茶 巨好喝！！ 這麼多奶茶店的奶茶 都覺得還好 喝過鮮露奶茶以後完全上癮❤️‍🔥❤️‍🔥❤️‍🔥, 5 顆星 ,634,"茶,  奶茶, "
312,樂法 Le Phare - 西門店,珍珠紅茶拿鐵，珍珠偏硬帶有龍眼蜜香味。服務態度尚可。, 4 顆星 ,638,"珍珠,  茶,  紅茶, "
313,樂法 Le Phare - 西門店,"蘋果鳳梨綠茶好喝👍
心中果汁系飲料新寵", 5 顆星 ,639,"茶,  綠茶, "
314,CoCo都可 西門町店,"購買品項：金鑽鳳梨冰茶（小）60？

今天終於鼓起勇氣去買觀望已久的鳳梨冰茶，想喝酸酸甜甜的飲料，怕死甜又怕雷，因為網路上沒太大評論，自帶環保杯，無糖少冰，其實無糖喝起來是3分糖的甜度，但是不錯喝啦，只是可能還要加1/3杯水（？）😆😆😆🙏🏻

（註）用電子菜單這點有點不ok，對老人家很不友善🙄😶😐", 4 顆星 ,640,"茶, "
315,CoCo都可 西門町店,點餐人員很親切，但今天買的黑糖珍珠鮮奶好像有混到檸檬，整杯變成檸檬牛奶…喝不下去只好倒掉了😭😭😭, 3 顆星 ,642,"珍珠,  鮮奶,  檸檬, "
316,CoCo都可 西門町店,"辛苦了-久違のCOCO 常喝一中のDoDo😜
無糖綠第一次加珍珠哈懷念的三兄弟奶茶🥤
🎊吾乃好男人+本月壽星🎂", 5 顆星 ,643,"珍珠,  茶,  奶茶, "
317,CoCo都可 西門町店,點巧克力奶茶溫的，超燙無法入口，而且超水，像在喝有甜度的熱開水，超雷, 1 顆星 ,645,"茶,  奶茶, "
318,CoCo都可 西門町店,"平價好喝的手搖杯連鎖店，很喜歡百香雙響炮，酸酸甜甜的味道配上Q彈內餡，很爽口！最近到一月底60$拿鐵有第二杯半價促銷，買來喝喝看～拿鐵奶味偏重我覺得很好喝！
（對了剛剛瞥到，他們鮮奶是用林鳳營ㄎ🙃", 5 顆星 ,646,"鮮奶, "
319,CoCo都可 西門町店,"Coco always have new drinks for each season. Fresh drink and good quality!!
My favorite is Tropical Special which is Passion Green tea with bubble and jelly. So good!
櫃檯很熱情的做介紹，每一季都有新飲料上市，每次嘗試都不會讓人失望。我最喜歡百香雙響炮，百香綠茶搭配珍珠與耶果！", 5 顆星 ,647,"珍珠,  茶,  綠茶, "
320,CoCo都可 西門町店,"自從coco跟街口合作，能夠直接使用街口app 點餐之後，我就成為常客了！不得不說真的非常方便，點了之後再來，完全不用等待！這家西門町的店，服務也很周到，因為常常有外國遊客，整體服務素質和叫號流程等體驗都很不錯。
推薦兩個我喜歡的口味，蕎麥包種茶（或是蕎麥冬瓜露）這個蕎麥系列非常香！整個蕎麥的香氣很弄，但又不會搶到茶的感覺，很加分，喝了一次就成主顧！很適合清爽口味的你~
另一個口味是牛奶雙重奏，適合很想大喝飲料的人😄，因為又有牛奶、珍珠、還有布丁！整個熱量爆表喔！但也很好喝阿~~~~", 5 顆星 ,650,"珍珠,  布丁,  茶, "
321,CoCo都可 西門町店,員工態度很好，不要鮮奶油，雖然製作了，但還是貼心換了一杯，飲料既使雷，員工態度也平反了回來～, 5 顆星 ,653,"鮮奶, "
322,CoCo都可 西門町店,品質越來越差，服務還好，新上市的黑糖珍珠鮮奶只是珍珠加了黑糖膏的樣子，攪一攪，珍珠一點也沒入黑糖味，跟外面比，一樣價位，東西卻天高地遠，差太多，黑糖味也不夠重，不會再踩一次地雷了。, 1 顆星 ,654,"珍珠,  鮮奶, "
323,CoCo都可 西門町店,今天中午去點了一杯百香綠，街口付了40塊，拿了飲料後，發現上面沒有貼飲料貼紙，不以為意，接著走回公司喝了第一口發現不是百香綠，比較像是綠茶，再開會空檔直接拿喝了一口的飲料回去，請店員幫忙處理，店員小姐聽到我說給錯飲料，連忙道歉接著直接幫我做了一杯新的飲料，服務態度都不錯，給4星。, 4 顆星 ,656,"茶,  綠茶, "
324,清心福全峨眉店-珍珠奶茶手搖飲專賣店,剛剛買了2杯多綠半糖去冰，1杯蘆薈多綠半糖微冰，喝了之後發現3杯全都沒加任何糖度，會不會太不專業了…, 1 顆星 ,660,"蘆薈, "
325,清心福全峨眉店-珍珠奶茶手搖飲專賣店,"茶也裝太少了
-
-
謝謝老闆誠意回覆，改五顆星。祝生意興隆", 5 顆星 ,663,"茶, "
326,清心福全峨眉店-珍珠奶茶手搖飲專賣店,"請不要賣隔夜珍珠
一喝就很明顯的事
你賣喝的還敢拿出來賣
你認真嗎", 1 顆星 ,667,"珍珠, "
327,清心福全萬華成都店-珍珠奶茶手搖飲料專賣店,"車流大講話聽不清
再問第二次口氣很差
茶味澀澀的
品質不穩定
白天買的跟晚上的茶味不一樣", 2 顆星 ,681,"茶, "
328,清心福全萬華成都店-珍珠奶茶手搖飲料專賣店,"今天中午路過這間店，點了一杯中杯綠茶用自帶杯，當時男店員就面無表情看著我跟我的水瓶頓一下。我看著他用中杯紙杯裝了茶，然後試著找他的手搖杯蓋頭插進到我水瓶嘴上，不成功後才把紙杯上的茶倒進我的水瓶，過程中倒漏了一些茶水出來，最後沒有補漏掉的茶，直接把水瓶給我，用過的紙杯丟到水槽裡。

這個感受讓我只能給二星，還好不需要經常光顧。

我的水瓶是小口瓶，比寶特瓶大點，如果裝在他們的手搖杯再倒進我的瓶子是可行的，其他清心都這麼做，也不用浪費一個紙杯，這麼做已經失去環保意義了。", 2 顆星 ,683,"茶,  綠茶, "
329,清心福全萬華成都店-珍珠奶茶手搖飲料專賣店,西門成都有一位 店員很 親切 我愛喝鳳梨红茶！喝它心情说不出快樂！鳳梨和红茶有益健康, 4 顆星 ,685,"茶, "
330,清心福全萬華成都店-珍珠奶茶手搖飲料專賣店,每晚下班都會買一杯菁茶來喝，老闆娘跟整家的店員人都好的，飲料也很好喝！, 5 顆星 ,688,"茶, "
331,清心福全萬華成都店-珍珠奶茶手搖飲料專賣店,"2/4日15:26到這家門市買一杯綠茶，習慣喝四分糖，不確定店家是否能做，所以事先詢問可否做四分糖少冰，但這名男店員態度消極、看似有氣無力，對我的提問視而不見，反而用不耐煩且像是質問的語氣問我冰量，沒有回答是否能做四分糖（如果不能做，會依店家規定）。
所以意思是：你能幫我做四分糖的飲料，但卻連回答都不願意，在我的立場是，我遇過的某些店家並沒有四分糖的服務，有些是有的，所以我會禮貌的先詢問，我也怕造成店家不便，但這位男店員卻不正面回答，服務態度更讓人無法恭維，大過年的，如果不想上班，那請你待在家裡，不要影響別人的好心情。", 1 顆星 ,690,"茶,  綠茶, "
332,清心福全萬華成都店-珍珠奶茶手搖飲料專賣店,包裝用心、珍珠是蜜過的好甜好吃❤️, 5 顆星 ,691,"珍珠, "
333,台灣好茶,"加了鮮奶的鮮奶茶70
小貴但還能接受
……
但喝都沒喝，從整杯變8分滿也太誇張了吧🤬🤬", 1 顆星 ,701,"鮮奶,  茶,  奶茶,  鮮奶茶, "
334,台灣好茶,"雷到爆…點了貴妃荔枝紅茶一杯六十元（紅茶沒啥好哭餓）跟芒果牛奶一杯110元（多加牛奶）
店員一直推用新鮮芒果加牛奶現打，還問要不要多加牛奶或芒果…後來選了多加牛奶（十五元）未先告知，桌上的價目表有標！後來看店員製作…先加芒果醬（說好的新鮮的芒果？）在從果汁機把牛奶加到外帶杯內（牛奶？果汁機？是打奶泡嗎？）……一口喝根本就是加了芒果粒的濃縮果汁！重點是一杯110元（多加牛奶十五元）…說好的新鮮芒果在那呢？", 1 顆星 ,703,"茶,  紅茶, "
335,台灣好茶,店家不知道在兇什麼，還是因為我買了杯最簡單的無糖綠，沒加價買高級綠茶在不爽？, 1 顆星 ,706,"茶,  綠茶, "
336,台灣好茶,"看準人潮跟外國遊客，不怕沒生意，店家很不老實。
柚子茶只是柚子醬加水，沒有新鮮柚子果肉，點柚子茶店員會跟你說柚子加多點比較好喝但沒先告知要加20元，看發票才知道被多加了20元。為了台灣觀光門面希望大家抵制，希望不會成為下一個墾丁", 1 顆星 ,708,"茶, "
337,台灣好茶,"真的是連一顆星都不想給  多綠30塊 是外面的小杯 沒有多多的味道 茶味也是很淡  顏色還特別深根本不像正常的多多綠茶....
不說我還以為喝到加水的稀釋多綠呢", 1 顆星 ,709,"茶,  綠茶, "
338,台灣好茶,"店家做生意感覺不老實
放在吧檯上的飲料只有圖示 ，沒有標明價格
點了烏龍茶，店員態度強勢的推薦加蜂蜜
結帳時發現這杯蜂蜜烏龍要75元
實在是非常非常貴，店員態度也不好
非常不推薦。", 1 顆星 ,711,"茶,  烏龍茶, "
339,台灣好茶,"加鮮奶要加價沒事先告知 還好先問了才沒出事
然後鮮奶茶不像鮮奶茶 像一般的奶精奶茶", 1 顆星 ,717,"鮮奶,  茶,  奶茶,  鮮奶茶, "
340,鮮茶道 台北武昌店,總分這麼低還真不是普通爛，到底是怎樣純茶類裡面會有珍珠？騙人沒做過鮮茶道膩？！快把武昌店收起來啦！根本砸鮮茶道的招牌👎🏼👎🏼👎🏼, 1 顆星 ,722,"珍珠,  茶, "
341,鮮茶道 台北武昌店,不能調甜度只能調冰塊 超甜…..一口都喝不下 而且我記得以前的白珍珠也是珍珠 這次點的白珍珠是蒟蒻….., 1 顆星 ,723,"珍珠,  蒟蒻, "
342,鮮茶道 台北武昌店,店員都換新的態度跟動作都沒有之前的店員來的好…希望待加強謝謝🙏 但阿里山冰茶還是這家店大推！！！, 1 顆星 ,727,"茶, "
343,鮮茶道 台北武昌店,"第一個ㄧ顆星，居然給應該服務要好的連鎖茶店！
完全沒有服務可言，男店員就一副欠他幾百萬一樣！
超無言～", 1 顆星 ,729,"茶, "
344,鮮茶道 台北武昌店,沒喝過這麼難喝的鮮茶道，飲料根本亂做。, 1 顆星 ,731,"茶, "
345,鮮茶道 台北武昌店,"茶好喝 珍珠好吃😋
可是店員很冷漠", 4 顆星 ,733,"珍珠,  茶, "
346,鮮茶道 台北武昌店,單純愛喝他們家的茶，感覺就像現泡，不是整鍋先煮好的那種茶。店員也很有耐心幫忙處理我的問題。之前有賣超大環保杯，用他們家的杯子順便喝茶還有打折, 5 顆星 ,737,"茶, "
347,animate cafe 台北北門店,"安利美特幾乎一到兩個月就會換一次主題，現在是獵人！
其實會來這裡的朋友大家也不是要追求飲料好喝，就是來拍拍照😆
店員們都很親切！辛苦他們每天都要整隊發號碼牌等等。環境乾淨、疫情期間也有限制入場人數，算是讓人安心。
gratte 飲料喝過奶茶、可可亞、抹茶都還蠻普通，大概就是早餐店飲料的感覺（粉絲們注重的就是那個印刷的圖案而已啦😝😝😝）
希望台灣的安利美特咖啡可以永久經營下去，引入更多動漫主題、然後擴充餐點選擇🙏🏻", 5 顆星 ,741,"茶,  奶茶, "
348,animate cafe 台北北門店,"環境乾淨舒適、防疫也確實嚴謹，是個無聊來喝杯飲料聊天休息的好地方，若你是個動漫愛好者會更適合這裡！
員工也很親切、做飲料小姐動作也很俐落，珍珠也煮的蠻好吃，飲品也不差，再配上你所愛的動漫，一切都值得了！", 5 顆星 ,748,"珍珠, "
349,冬仙堂,"位於艋舺老街上的冬仙堂，是專門販售冬瓜相關飲品的在地老店。它跟印象中的老店有點不太一樣，多了點現代感。看了一下他們的介紹，原來是正在品牌翻新的一間老字號飲品店阿! 這樣的老店，通常都會有其他飲品店沒有的古早味。讓熱愛飲品的我，立刻衝去店面看看有甚麼好買的XD。

到了現場，店面居然關門？該不會白跑一趟了吧...還好有打電話詢問，原來是搬到對面的姐妹店iHERE，原址好像是要整休的樣子？姐妹店iHERE超特別，除了各式咖與茶為主的飲品外，還有超特別的松露系列飲品，一個高貴NINI的飲品XD。

看了很久，我們決定爆點了很多很特別的飲品XD，當然還包含了高貴NINI的松露奶茶(既期待又怕受傷害的感覺，難道是初戀!?)。

冬瓜Q凍飲禮盒
這款超特別，打開來是透明的凍飲品，應該可以算是甜點了。
裡面除了QQ的冬瓜凍外，還有搭配椰果，雖然可以常溫保存，但是冷藏後食用真的超消暑的。

仙草絲冬瓜
這款相較於其他家的仙草冬瓜，他們家的仙草是製作成絲狀的，喝起來更加順口，搭配著招牌冬瓜露真的很清爽。

小紫蘇冬瓜檸檬
這款真的是復古到極致，包含了小紫蘇與冬瓜搭配檸檬的組合，完全就是在復刻小時候的記憶阿! 酸酸甜甜的感覺，有一種回到當時無憂無慮下課再等阿公來接下課的我們，真讓人懷念。

鮮熬冬瓜露
既然來到了百年老店，怎麼可以不喝喝看他們家的招牌冬瓜系列呢!
冬瓜露的味道與其他手搖飲不太一樣，冬瓜香更重了一點、甜度低了一點、清爽多了一點。喝起來真的很不錯，推薦可以點個少冰，整個大消暑阿!

法式松露珍奶
這款真的讓人太震驚了，喝過不少飲料店的我，也是第一次喝松露手搖XD。第一口真的是滿滿的松露前味，喜歡松露的朋友一定很喜歡。當松露散去後尾韻會散發者淡淡的紅茶香，喝起來層次感很夠，蠻喜歡的。他們家的珍珠吃起來很Q彈，搭配這樣的奶茶喝起來無違和，給過!

這次的探險真的蠻令人喜歡的，有點像是日本全能改造王、老屋翻新的感覺。飲品中充滿復科與小時候回憶的味道，整體品牌設計多了點現代感，很不錯的感覺!", 5 顆星 ,760,"珍珠,  椰果,  仙草,  茶,  紅茶,  奶茶,  檸檬, "
350,冬仙堂,吃完名店「三味食堂」後走出來隔壁就是這家飲料店，點了「紫蘇冬瓜檸檬」，挺好喝的。紅茶牛奶有特價可惜我明天要體檢不能喝～, 5 顆星 ,761,"茶,  紅茶,  檸檬, "
351,冬仙堂,"冬瓜味滿分.解渴滿分💯
天然糖的氣息超好喝😘
冬瓜紫蘇.檸檬的酸甜好滋味👍", 5 顆星 ,763,"檸檬, "
352,冬仙堂,"小紫蘇檸檬冬瓜的味道還不錯，酸甜適中
古早味奶茶不知道為什麼喝起來有咖啡的味道，比較沒那麼喜歡
店員態度可以再加強會更好", 3 顆星 ,764,"茶,  奶茶,  檸檬, "
353,冬仙堂,"冬仙堂原本是叫冬瓜堂，店在對面鐵皮屋，此次消費原本沒有找到，後來發現在對面三味食堂旁，跟賣松露奶茶的iHere共用店面，兩家的老闆是同一位。
門口有貼個小小的A4宣傳單上有人氣排行6款飲料，當天喝的是第1名的小紫蘇冬瓜檸檬和第2名的艋舺古早奶茶。
店家提供的吸管直徑有0.8公分，除了就口後比較好吸，小紫蘇剛好也可以吸起來。
冬瓜茶是用新鮮冬瓜連皮帶籽手工熬煮，而不是用糖磚，小紫蘇脆脆的像小粉圓，這杯酸酸甜甜的又有口感。
奶茶是用古早味紅茶+奶粉調的，古早味紅茶是用阿薩姆紅茶+蔗糖、決明子和天然香草莢，慈次和口感都好。
奶粉是用的100%進口紐西蘭奶粉，整杯喝起來很滑很厚，非常像泰式奶茶口感。
這兩杯飲料都相當不錯，喝得出來原料用的很好，味道也調味的很有層次，是來萬華除了一般手搖飲的好選擇。", 5 顆星 ,765,"粉圓,  茶,  紅茶,  奶茶,  檸檬, "
354,冬仙堂,"用心熬煮的冬瓜露，古早味的順口，還有小紫蘇檸檬冬瓜，不虧是排行榜第一名，超級清爽好喝！
艋舺紅茶也是不可錯過，用心泡出來的古早味紅茶，一喝就愛上！", 5 顆星 ,766,"茶,  紅茶,  檸檬, "
355,冬仙堂,"印度香料奶茶：微甜中帶著特殊的香料味，喝的到淡淡的肉桂香，熱熱的喝起來溫醇順口，微糖剛剛好喝完一整杯也不會有甜膩感。

法式松露奶茶：入口就能感受到松露和奶茶融合的剛剛好，喝起來有層次感，微糖剛剛好。

朝露烏龍：甘甜清爽，無澀澀的口感，很適合夏天，喜歡。

冬瓜Q凍飲禮盒：有冬瓜露和椰果，口感如愛玉般Q和水潤，適合送禮。", 5 顆星 ,767,"椰果,  愛玉,  茶,  奶茶, "
356,冬仙堂,因為古蹟整修先移到對面去販售，很少看到有無糖冬瓜露，淡淡冬瓜香氣很好喝，不會有一般糖磚冬瓜茶喝完喉嚨酸酸的那種感覺。小紫蘇檸檬口感也很好，值得推薦！, 5 顆星 ,769,"茶,  檸檬, "
357,冬仙堂,"原來真正的冬瓜茶不是只用冬瓜糖磚，還加了新鮮冬瓜連皮帶籽全手工熬煮，耗時費工
我個人最愛鮮奶冬瓜凍凝飲了！
喜歡喝飲料的時候加一點料
愛美又怕胖的朋友一定要喝這杯
裡面的料是含有膳食纖維的健康寒天
口感就像愛玉一樣軟嫩滑溜
冬瓜跟鮮奶的搭配
有冬瓜的香氣，然後整體又不會太甜
不會造成身體太多負擔
三餐老是在外的朋友特別適合這一杯
還可以順便補充一下膳食纖維", 5 顆星 ,770,"愛玉,  寒天,  鮮奶,  茶, "
358,冬仙堂,"奶茶喝起來中規中矩
店內佈置不錯", 4 顆星 ,771,"茶,  奶茶, "
359,冬仙堂,"冬仙堂要點招牌的鮮熬冬瓜露
建議點無糖冬瓜露 $40
每天限量熬煮
和平常喝到的冬瓜茶有很多差別
這裡的喝到來自冬瓜的天然甜味
並非加糖可以做出來的味道
因為是鮮熬的要趕快喝完

另外推介小紫蘇冬瓜檸檬 $50
冬瓜跟檸檬🍋真的超配
酸酸甜甜超！清！新！
加入了小紫蘇更有口感", 5 顆星 ,772,"茶,  檸檬, "
360,冬仙堂,"小紫蘇冬瓜檸檬
漸層很漂亮，小紫蘇增加口感又好吃😋
現熬冬瓜露
竟然可以調甜度的冬瓜茶？", 5 顆星 ,773,"茶,  檸檬, "
361,冬仙堂,"我點的是艋舺古早奶茶，喝起來是奶味比較濃一些的那種口味
店員會很認真的介紹品項，如果不確定喜歡的口味都可以詢問", 4 顆星 ,774,"茶,  奶茶, "
362,冬仙堂,"一個你一定要品嚐的古早艋舺味道，

好喝的冬瓜茶主打划算的親民價格，

限量每日現熬新鮮冬瓜製成的飲料，

想要喝請早點過來買才不會喝不到！

妙妙琳是個茶控，來到這裡簡直是天堂

到西門町不能只是逛街要帶杯茶才過癮。", 5 顆星 ,776,"茶, "
363,冬仙堂,艋舺奶茶喝起來類似早餐店奶茶的味道，但不會有劣質奶精在喉嚨的不適感，喜歡類似口味的可以試試～, 3 顆星 ,777,"茶,  奶茶, "
364,冬仙堂,鍋煮奶茶，現煮搭配自己調配得配方，讓整間小店都充斥著奶茶香。🥰🥰🥰 非常喜歡。, 5 顆星 ,778,"茶,  奶茶, "
365,冬仙堂,"冬仙堂是艋舺地方上有口皆碑的古早茶飲專門店
承襲百年來冬瓜茶飲的傳統製作精神
有著生鮮冬瓜熬煮的鮮熬冬瓜露
更有來自台南糖磚所煮出來的府城糖磚冬瓜茶！
各有各的愛好者與擁護者", 5 顆星 ,779,"茶, "
366,Tea Water 茶水格格 西門店,"奶蓋紅的奶蓋沒有味道，太固體很像奶酪飄在紅茶上，跟茶味無法融入，今天的茶剛好又是澀的，所以整體喝起來不是好喝的。
阿里山鮮奶綠的茶很像茶米茶，已經加奶了喝起來還是很澀……", 2 顆星 ,780,"奶蓋,  奶蓋,  鮮奶,  茶,  紅茶, "
367,Tea Water 茶水格格 西門店,"☆一家連鎖手搖飲料店！
點了喜歡喝的水果茶，用實際水果料，還不錯喝……
服務人員態度蠻親切的。
有行動支付linepay", 4 顆星 ,781,"茶,  水果, "
368,Tea Water 茶水格格 西門店,波本香草奶蓋綠還是會有點奶油的膩感，但和茶混合後又比一般奶蓋更清爽的感覺，奶蓋本身沒有什麼甜味，有淡淡的香草尾韻，微糖甜度不會太甜、茶也不會很澀，剛剛好地不錯👌🏼熱帶水果茶主要百香、金佶和柳橙的味道比較明顯，最低微糖，甜度還可以接受。, 4 顆星 ,782,"奶蓋,  奶蓋,  茶,  水果, "
369,Tea Water 茶水格格 西門店,商品種類很多樣，女服務員很親切介紹，並主動告知有優惠活動，出餐快速準確，茶點的品質良好，無糖茶沒有苦澀的感覺，有著淡淡的回甘, 5 顆星 ,783,"茶, "
370,Tea Water 茶水格格 西門店,推薦阿里山高山奶綠，第一口喝起來口感很特別，風格屬於茶味重，有種現泡的口感，很厲害，不過由於本身喜歡奶味重，這杯喝不太出奶味，所以給三星。, 3 顆星 ,784,"茶, "
371,Tea Water 茶水格格 西門店,"店面乾淨整齊，店員都很客氣
以前都是點芝士奶蓋正常甜，甜得很剛好會把鮮奶油和cheese的風味帶著很平衡非常好喝

今天喝了蕃茄梅子半糖，喝起來非常清爽而且用均質機打得非常細緻，喝起來不會有討厭的顆粒感
夏天喝一杯真的非常舒服🕶️

飲料杯子跟嘴巴位置設計很方邊就口飲料", 5 顆星 ,785,"奶蓋,  奶蓋,  鮮奶, "
372,Tea Water 茶水格格 西門店,波本香草奶蓋綠茶是目前新北+台北奶蓋最高&最厚實（超過3公分厚）的奶蓋茶。, 5 顆星 ,786,"奶蓋,  奶蓋,  茶,  綠茶, "
373,Tea Water 茶水格格 西門店,"今天點的是無糖少冰的文山青茶，本來以為這家店主打奶蓋和水果茶，純飲茶的表現會比較平庸清淡，沒想到茶香濃厚韻味十足，同時卻又不會有苦澀感，讓人忍不住一喝再喝，喝完也不會再有口渴的感覺，可見店員泡茶的技術真的很好，而且在西門町，一杯35元也不算太貴，算是性價比很合理的一家店
最重要的是店員妹妹的態度很好，而且長的很可愛，喜歡短髮的紳士可以多來捧場", 5 顆星 ,787,"奶蓋,  奶蓋,  茶,  水果, "
374,Tea Water 茶水格格 西門店,"這間的奶蓋真的很厲害，非常之厲害的那種
強押過其他間的，如果很愛奶蓋的，必點！

朋友剛好是供應這間奶蓋的乳源商，非常的靠譜，可見這間飲料店是真的砸重本的那種在研發奶蓋！

不過這間的奶蓋是很厚重，奶味濃的，所以如果不是愛這種的，可能就不是這麼對胃，但是我非常的推，可以來試試看！", 5 顆星 ,788,"奶蓋,  奶蓋, "
375,Tea Water 茶水格格 西門店,"店員親切有活力，女的都很漂亮，男的也很帥氣。

我幾乎每天來買一杯飲料，能讓一天上班煩躁的心情舒緩。

⭐大力推：波本香草奶蓋紅
鮮奶油及昂貴香草籽混合調製而成的奶蓋，搭配上紅茶，手拿飲料杯從杯口飲入。先感受到奶蓋的香甜，後有紅茶香韻，在嘴裡混合成另一種滋味。如此味道是這邊每個客人經過都必點的招牌，不管從何而來經過，一定要點此飲，不會後悔！！

首推：阿里山鮮奶綠
阿里山茶味道清香濃厚不澀，融入小農鮮奶，香醇的味道刺激味蕾。適合想喝清新口味，不希望味道太重的朋友。

次推：魚池紅茶
魚池紅茶特有的味道，即使無糖也能夠喝到紅茶的層次感，缺點是每日限量，常常要來買都沒了。若您是紅茶老饕，這肯定是您的首選。

再推：熱帶水果茶
運用新鮮鳳梨熬煮的糖漿，搭配上每日新鮮的五種水果及清香綠茶。不僅味道甜美，更能喝到健康。夏天一杯清涼解渴，即使入冬或像最近天氣冷熱不定，也能夠選用溫飲。", 5 顆星 ,789,"奶蓋,  奶蓋,  鮮奶,  茶,  紅茶,  綠茶,  水果, "
376,Tea Water 茶水格格 西門店,"菜單跟實際收費不一樣….
點了四杯青茶加上珍珠阿里山鮮奶綠，其中一杯是活動加購價10塊，店員收190，我怎麼算都是185…..當下跟店員反應，店員還是堅持沒收錯….", 1 顆星 ,790,"珍珠,  鮮奶,  茶, "
377,Tea Water 茶水格格 西門店,毛峰綠茶喝起來就是天仁茉莉綠茶的味道，一斤一百多，喝起來還很澀很澀，真的很不可以, 1 顆星 ,792,"茶,  綠茶, "
378,Tea Water 茶水格格 西門店,建議把珍珠奶綠改名成珍珠奶水，完全沒有牛奶的味道只有滿滿澀味的珍奶, 1 顆星 ,794,"珍珠, "
379,Tea Water 茶水格格 西門店,推薦水果茶，味道很自然又有豐富的水果料。動線較不佳，裡頭店員不易發覺看外頭櫃檯有客人, 4 顆星 ,795,"茶,  水果, "
380,Tea Water 茶水格格 西門店,"▫️法式檸檬奶蓋紅×很像像在吃檸檬派的感覺 很香
▫️鐵塔起士奶蓋紅×鹹甜鹹甜的起司味搭配綿密濃郁紅茶
▫️波本香草奶蓋綠×濃郁奶蓋加入香草莢 綠茶搭配八分糖剛剛好👍🏻
▫️牛奶糖奶蓋+珍珠×季節限定 榮登第一名🏆牛奶糖味不會太重不死甜
▫️熱帶水果茶×水果味很真材食料但建議五分糖
▫️翡翠奇異果×滿滿的小紫蘇配奇異果 這款建議點全糖 因為八分糖還是蠻酸😂
(但如果平常是喝酸的八分糖就剛好)
⠀⠀⠀⠀⠀⠀ ⠀ ⠀⠀⠀⠀⠀⠀
🔅招牌是奶蓋系列&水果茶，第一次喝店員建議是正常甜或是八分糖
奶蓋若半糖以下會比較淡，水果茶半糖以下無另外加糖是加自家熬煮的鳳梨醬去提味
奶蓋、鮮奶類加珍珠是不加價💖好佛心🥺

和同事們選擇了一間目前分店不算多的手搖飲來嚐鮮，同事們平常都喝3~5分糖，這次奶蓋系列飲品8分糖都覺得很剛好，噢對了 它奶蓋給的超！級！阿莎力😍😍不誇張欸給了快半杯的奶蓋 鵝且奶蓋豪豪吃🤤🤤🤤

📢如果照片跑不出來 可以點↑↑上方我的頭像裡查看
也可以follow me→IG🔎aug6.yo", 5 顆星 ,796,"珍珠,  奶蓋,  奶蓋,  鮮奶,  茶,  紅茶,  綠茶,  檸檬,  水果, "
381,Tea Water 茶水格格 西門店,第一口奶蓋紅茶加珍珠還不賴，不過放久奶會凝固味道有點變，因此建議提早喝完囉！店員人蠻好的，親切笑容可掬，不錯👍, 5 顆星 ,799,"珍珠,  奶蓋,  奶蓋,  茶,  紅茶, "
382,163 Lane,"2022/02/22

本來想喝喝看黑白配或是看起來很酷的橘色炸彈，但只有冰的，最後屈服於天氣點了40元的溫波霸奶茶，便宜，口味的話就一般的珍奶。

店員滿親切的，改天天氣暖和點再試試那兩個xd

0308更：喝了橘色炸彈，滿喜歡的！不過突然之間就漲五塊了😢", 4 顆星 ,800,"波霸,  茶,  奶茶, "
383,163 Lane,"黑糖波霸撞奶：⭐️⭐️⭐️⭐️⭐️
黑糖味濃郁，牛奶份量很實在，喜愛濃厚奶香一定要點。粉圓Q彈，正常甜不會太甜，但是喝起來很濃郁。

波霸奶茶:⭐️⭐️⭐️⭐️
喝得到茶香氣搭配奶香，奶香不算濃郁，不過還不錯喝，吃得到粉圓熬煮的香氣，不過蠻Q彈的，是好吃但不耐吃。", 5 顆星 ,801,"粉圓,  波霸,  茶,  奶茶, "
384,163 Lane,"2021.12.11 = ★★★★☆
◉推薦：黑糖珍珠奶茶。
◉簡評：便宜價格，奶茶跟黑糖珍珠都不含糊，算是值回票價了。😋
＝＝＝＝＝＝＝＝＝＝＝＝＝＝＝＝＝＝＝＝＝
吃完豬腳，特別想喝點甜甜的飲品。今天來到【163 Lane】，看一下菜單，沒一般的珍奶?? 跟店家指名要黑糖珍珠奶茶，價格還挺親民的。看到店家還很認真的手搖，品質應當不錯。

☑黑糖珍珠奶茶💰45  = 半糖，去冰；入口，口感中等厚實，奶精味不過分厚重，茶風味明顯而無苦澀感；珍珠部分，唉唷，Q彈有咬感，內部有煮透，有認真；咀嚼時，黑糖那種微酸的味道會一直跑出來，不錯。5分，45元有這種品質，不錯了。", 4 顆星 ,802,"珍珠,  茶,  奶茶, "
385,163 Lane,超級推他們家的蜂蜜綠茶，另外還有冬瓜清茶，真的是好喝到靠北，比某些連鎖店來的經濟實惠多了，值得一買再買～, 5 顆星 ,803,"茶,  綠茶, "
386,163 Lane,路過以前學校看到163Lane 來杯黑糖珍珠鮮奶 真的好喝, 5 顆星 ,805,"珍珠,  鮮奶, "
387,163 Lane,"身為一個血液裡面流著手搖杯的台灣人，
他們家的黑糖波霸撞奶是難得讓人驚艷的產品，
除了漂亮之外黑糖跟鮮奶非常的合，
口感滑順又不膩口，波霸大顆有嚼勁，上面的奶泡必推！！先吃一口奶泡再攪入飲料，特別香醇濃郁。
我可能會為了再喝一杯而特別跑過去買！！", 5 顆星 ,807,"波霸,  鮮奶, "
388,163 Lane,"黑糖的味道非常優,珍珠軟硬適中,喝起來很順口,甜而不膩。", 5 顆星 ,812,"珍珠, "
389,163 Lane,五分鐘喝完黑糖珍珠鮮奶，大熱天喝不口渴很清爽，老闆心情愉悅可能會加碼唱歌。, 5 顆星 ,815,"珍珠,  鮮奶, "
390,163 Lane,沒有一種飲料會雷的飲料店，珍珠QQ的超好吃，飲料還很便宜，CP值很高～, 5 顆星 ,816,"珍珠, "
391,163 Lane,飲料相當多樣且能客製，常去拜訪的店家。推薦黑糖珍珠鮮奶以及草莓飲品。, 5 顆星 ,817,"珍珠,  鮮奶, "
392,163 Lane,"好喝cp值高的茶~
期間限定的草莓", 5 顆星 ,818,"茶, "
393,50嵐 小南門店,店員親切，服務快速，泡的茶也很好喝，有專業的提醒加料的飲料喝之前要搖一下, 5 顆星 ,823,"茶, "
394,50嵐 小南門店,"50嵐中喝過最好吃的波霸就是這家,軟硬適中，甜度也有", 5 顆星 ,829,"波霸, "
395,50嵐 小南門店,店員親切 貼心用心 泡茶速度快等待時間不會太久 茶也好喝 五十嵐就是讚！, 5 顆星 ,834,"茶, "
396,50嵐 小南門店,"沒珍珠就不要開店好嗎：）

沒有就去煮啊，什麼叫做就沒有了？？？", 1 顆星 ,835,"珍珠, "
